,date,adClose_DBC,adClose_DLG,adClose_HHS,adClose_HNG,adClose_IDI,adClose_SBT,adClose_TNG,adClose_TSC,adClose_TTF,adClose_VNM
0,2018-12-10,8.335,1.86,3.047,17.05,7.743,14.978,9.755,1.267,3.95,90.94
1,2018-12-11,8.367,1.85,3.025,16.9,7.705,14.941,9.704,1.267,3.72,90.805
2,2018-12-12,8.335,1.82,3.075,16.85,7.78,15.015,9.704,1.258,3.74,90.266
3,2018-12-13,8.429,1.79,3.039,16.7,7.818,15.61,9.908,1.258,3.71,90.94
4,2018-12-14,8.335,1.79,3.025,16.75,7.78,15.313,9.806,1.258,3.7,90.94
5,2018-12-17,8.242,1.76,2.966,16.3,7.629,15.239,9.448,1.249,3.55,90.199
6,2018-12-18,8.242,1.68,2.966,16.3,7.442,14.868,9.242,1.24,3.41,88.717
7,2018-12-19,8.211,1.63,2.93,16.3,7.179,14.718,9.091,1.205,3.48,86.965
8,2018-12-20,8.211,1.63,2.952,16.25,7.194,14.83,9.242,1.196,3.57,85.012
9,2018-12-21,8.18,1.74,2.937,15.7,7.066,15.239,9.295,1.214,3.54,82.519
10,2018-12-24,8.242,1.74,2.916,15.05,6.878,15.389,8.937,1.214,3.43,84.607
11,2018-12-25,8.211,1.69,2.872,16.05,6.397,15.617,8.529,1.169,3.3,83.934
12,2018-12-26,8.116,1.61,2.843,15.65,6.134,15.617,8.529,1.169,3.28,83.53
13,2018-12-27,8.116,1.62,2.872,15.25,5.788,15.883,8.631,1.178,3.28,83.668
14,2018-12-28,8.116,1.52,2.872,16.0,5.39,15.768,8.478,1.16,3.25,81.495
15,2019-01-02,8.116,1.48,2.872,15.9,5.443,15.504,8.325,1.169,3.28,84.212
16,2019-01-03,7.805,1.48,2.879,15.5,5.066,15.125,8.068,1.169,3.19,83.465
17,2019-01-04,7.493,1.39,2.872,15.4,4.713,15.163,8.171,1.178,3.2,84.891
18,2019-01-07,7.555,1.41,2.886,15.3,5.036,15.351,8.272,1.196,3.25,88.966
19,2019-01-08,6.869,1.47,2.864,15.1,5.382,15.389,8.325,1.249,3.27,88.287
20,2019-01-09,6.962,1.4,2.886,14.8,5.758,15.467,8.529,1.24,3.13,89.577
21,2019-01-10,7.025,1.45,2.864,14.8,5.954,15.504,8.426,1.231,3.17,89.441
22,2019-01-11,7.587,1.41,2.85,14.85,5.788,15.731,8.426,1.169,3.11,91.003
23,2019-01-14,7.618,1.42,2.843,14.2,5.788,15.791,8.478,1.169,2.95,91.682
24,2019-01-15,7.712,1.38,2.857,14.35,5.886,15.912,9.193,1.169,3.02,91.614
25,2019-01-16,7.336,1.45,2.857,14.5,5.969,15.952,8.989,1.169,3.0,90.324
26,2019-01-17,7.117,1.45,2.864,14.25,5.864,15.871,8.887,1.169,2.97,89.781
27,2019-01-18,7.805,1.44,2.909,14.1,5.864,15.752,8.783,1.142,2.9,91.003
28,2019-01-21,8.398,1.4,2.886,13.3,5.803,15.832,9.242,1.142,2.78,90.867
29,2019-01-22,8.398,1.37,2.894,14.2,5.72,16.154,9.091,1.124,2.78,91.003
30,2019-01-23,8.398,1.41,2.922,14.3,5.923,16.154,9.091,1.124,2.75,91.343
31,2019-01-24,8.367,1.41,2.916,14.5,5.939,16.074,9.091,1.115,2.74,92.022
32,2019-01-25,8.523,1.38,2.894,14.4,6.074,16.154,8.887,1.124,2.75,92.293
33,2019-01-28,8.492,1.3,2.864,14.4,6.044,16.154,8.835,1.115,2.94,92.701
34,2019-01-29,8.492,1.25,2.85,14.2,6.013,16.074,8.887,1.133,3.01,92.701
35,2019-01-30,8.492,1.29,2.798,14.2,6.292,16.033,8.835,1.142,2.95,92.022
36,2019-01-31,8.429,1.32,2.828,14.3,6.404,15.993,8.937,1.133,2.76,91.682
37,2019-02-01,8.429,1.31,2.843,14.45,6.329,16.074,9.091,1.133,2.82,91.682
38,2019-02-11,8.429,1.28,2.872,14.6,6.728,16.074,9.55,1.106,2.84,93.04
39,2019-02-12,8.398,1.3,2.894,15.1,7.066,16.074,9.448,1.115,2.98,93.72
40,2019-02-13,8.398,1.3,2.93,15.5,7.036,16.074,9.6,1.124,2.93,93.923
41,2019-02-14,8.367,1.28,2.922,15.5,6.886,16.797,9.704,1.133,2.93,94.67
42,2019-02-15,8.335,1.27,2.922,15.7,6.878,16.997,9.6,1.124,2.91,95.214
43,2019-02-18,8.335,1.27,2.973,15.7,6.893,16.797,9.755,1.115,2.91,96.436
44,2019-02-19,8.273,1.25,2.937,15.55,6.765,16.516,9.856,1.115,2.94,96.844
45,2019-02-20,8.116,1.25,2.937,15.4,6.69,16.234,9.908,1.115,2.91,97.115
46,2019-02-21,7.867,1.26,2.922,15.6,6.427,16.435,9.806,1.115,2.9,100.85
47,2019-02-22,7.867,1.25,2.922,15.7,6.465,16.113,9.652,1.115,2.89,101.122
48,2019-02-25,7.867,1.25,2.937,15.85,6.562,15.912,9.499,1.133,3.09,102.956
49,2019-02-26,7.836,1.24,2.952,15.65,6.675,16.234,9.55,1.124,3.15,99.22
50,2019-02-27,7.742,1.24,2.945,15.7,6.698,16.074,9.958,1.142,3.03,100.307
51,2019-02-28,7.805,1.29,2.916,15.6,6.555,15.871,9.652,1.16,2.96,95.825
52,2019-03-01,7.93,1.29,2.916,15.85,6.653,15.952,10.571,1.24,3.06,96.029
53,2019-03-04,7.867,1.38,2.945,15.75,6.938,15.912,10.776,1.321,3.2,97.047
54,2019-03-05,7.493,1.47,3.039,16.0,6.871,15.671,10.827,1.411,3.42,96.436
55,2019-03-06,7.493,1.57,3.032,15.9,6.908,15.35,11.899,1.429,3.37,95.757
56,2019-03-07,7.117,1.56,3.061,15.8,6.886,15.148,11.49,1.456,3.24,94.874
57,2019-03-08,7.336,1.53,3.025,15.6,6.69,15.109,11.694,1.42,3.06,93.04
58,2019-03-11,7.306,1.5,2.988,15.5,6.615,15.35,12.358,1.348,3.2,93.448
59,2019-03-12,7.181,1.49,2.982,15.0,6.653,15.51,12.256,1.339,3.31,94.399
60,2019-03-13,7.306,1.59,2.959,15.1,6.54,15.429,12.155,1.429,3.51,93.923
61,2019-03-14,7.181,1.7,2.959,15.05,6.502,15.229,12.155,1.519,3.75,93.176
62,2019-03-15,7.212,1.73,2.952,15.0,6.322,15.31,12.563,1.519,3.7,93.04
63,2019-03-18,7.181,1.8,2.959,15.0,6.419,15.068,11.899,1.501,3.65,93.72
64,2019-03-19,7.555,1.79,2.988,15.0,6.465,15.028,11.694,1.429,3.9,92.973
65,2019-03-20,7.805,1.76,3.032,15.0,6.487,14.948,11.899,1.474,4.03,94.059
66,2019-03-21,7.68,1.7,2.988,15.0,6.329,14.627,10.98,1.456,3.75,92.361
67,2019-03-22,7.712,1.63,3.025,15.0,6.239,14.627,11.236,1.411,3.75,92.701
68,2019-03-25,7.493,1.52,2.952,16.05,5.901,14.627,10.929,1.384,3.53,92.701
69,2019-03-26,7.493,1.56,2.952,15.95,5.75,14.627,11.49,1.393,3.72,92.701
70,2019-03-27,7.493,1.66,2.945,15.6,5.766,14.707,11.643,1.474,3.65,92.701
71,2019-03-28,7.555,1.69,2.937,15.5,5.766,14.747,11.49,1.438,3.65,91.818
72,2019-03-29,7.587,1.75,2.952,15.55,5.788,14.747,11.49,1.429,3.66,91.546
73,2019-04-01,7.587,1.82,2.937,15.45,6.036,14.666,11.593,1.438,3.67,94.127
74,2019-04-02,7.523,1.75,2.937,15.55,5.976,14.666,11.338,1.384,3.84,94.399
75,2019-04-03,7.493,1.72,2.93,15.1,5.931,14.666,11.694,1.411,3.82,94.059
76,2019-04-04,7.493,1.77,2.973,15.35,5.976,14.666,11.643,1.321,3.9,93.72
77,2019-04-05,7.461,1.72,2.937,15.3,5.983,15.148,11.694,1.258,3.99,92.565
78,2019-04-08,7.712,1.77,2.937,15.15,6.013,15.269,11.694,1.339,3.99,93.176
79,2019-04-09,7.68,1.74,2.937,15.15,6.127,14.948,11.949,1.258,3.89,91.954
80,2019-04-10,7.618,1.71,2.93,15.15,6.427,14.666,11.797,1.249,3.84,91.886
81,2019-04-11,7.555,1.7,2.93,15.15,6.638,14.868,12.001,1.231,3.88,92.09
82,2019-04-12,7.693,1.66,2.916,15.1,6.502,14.868,11.849,1.24,3.91,92.158
83,2019-04-16,7.693,1.62,2.909,15.1,6.352,14.868,11.797,1.231,3.75,92.361
84,2019-04-17,7.453,1.65,2.9,15.6,6.577,14.787,11.236,1.303,3.5,91.682
85,2019-04-18,7.693,1.58,2.843,15.3,6.524,14.707,10.98,1.348,3.4,91.818
86,2019-04-19,7.624,1.6,2.835,15.3,6.548,14.666,11.132,1.339,3.59,90.324
87,2019-04-22,7.555,1.57,2.813,15.35,6.375,14.666,10.419,1.294,3.68,88.015
88,2019-04-23,7.555,1.59,2.813,15.4,6.465,14.547,10.571,1.312,3.67,86.249
89,2019-04-24,7.658,1.65,2.886,15.4,6.562,14.666,10.776,1.366,3.68,87.947
90,2019-04-25,7.624,1.59,2.85,15.45,6.427,14.666,10.675,1.33,3.43,87.947
91,2019-04-26,7.727,1.58,2.835,15.7,6.472,14.627,10.724,1.348,3.3,88.151
92,2019-05-02,7.795,1.53,2.835,15.6,6.457,14.707,10.52,1.33,3.49,88.287
93,2019-05-03,7.761,1.44,2.835,15.5,6.352,14.547,10.468,1.33,3.3,88.966
94,2019-05-06,7.727,1.37,2.77,15.25,6.209,14.224,10.724,1.258,3.32,87.675
95,2019-05-07,7.555,1.46,2.807,15.3,6.127,14.224,10.622,1.249,3.34,87.947
96,2019-05-08,7.555,1.53,2.755,15.25,6.006,14.224,10.622,1.258,3.35,86.928
97,2019-05-09,7.624,1.45,2.734,15.0,5.923,14.184,10.724,1.267,3.42,87.064
98,2019-05-10,7.59,1.47,2.719,15.0,6.112,14.184,11.03,1.258,3.59,88.354
99,2019-05-13,7.555,1.42,2.726,15.25,6.322,14.184,11.03,1.267,3.69,90.935
100,2019-05-14,7.555,1.5,2.711,15.25,6.285,14.184,11.439,1.258,3.61,92.022
101,2019-05-15,7.453,1.52,2.726,15.25,6.314,14.144,11.338,1.258,3.55,92.09
102,2019-05-16,7.453,1.49,2.711,15.45,6.217,14.184,11.288,1.258,3.58,92.633
103,2019-05-17,7.246,1.48,2.683,15.45,6.134,14.346,11.236,1.258,3.55,92.09
104,2019-05-20,7.246,1.45,2.668,15.45,6.104,14.707,11.643,1.258,3.58,93.38
105,2019-05-21,7.143,1.42,2.668,15.35,6.081,14.666,11.593,1.258,3.53,90.663
106,2019-05-22,7.04,1.41,2.668,15.75,6.081,14.627,11.388,1.258,3.49,89.713
107,2019-05-23,7.074,1.37,2.646,15.7,6.261,14.466,11.747,1.258,3.47,89.713
108,2019-05-24,7.04,1.43,2.623,15.7,6.127,14.386,11.949,1.276,3.36,88.626
109,2019-05-27,6.972,1.39,2.623,15.4,6.088,14.507,11.949,1.357,3.45,91.003
110,2019-05-28,6.972,1.38,2.617,15.4,6.119,14.466,12.409,1.303,3.48,89.645
111,2019-05-29,6.937,1.4,2.609,15.4,6.119,14.305,12.358,1.339,3.58,90.256
112,2019-05-30,6.869,1.35,2.623,15.35,6.119,14.466,12.206,1.312,3.55,89.305
113,2019-05-31,7.04,1.35,2.66,15.2,6.029,14.507,11.439,1.321,3.42,87.947
114,2019-06-03,7.006,1.33,2.623,15.1,5.864,14.305,11.338,1.303,3.25,86.928
115,2019-06-04,6.937,1.31,2.639,14.9,5.871,14.305,11.543,1.285,3.25,87.336
116,2019-06-05,6.903,1.35,2.623,15.05,5.864,14.346,11.543,1.285,3.27,87.614
117,2019-06-06,7.555,1.34,2.551,15.1,5.856,14.305,11.439,1.294,3.14,86.927
118,2019-06-07,8.242,1.36,2.559,15.3,5.923,14.305,11.694,1.294,3.14,86.995
119,2019-06-10,8.311,1.36,2.623,15.25,5.773,14.265,11.694,1.312,3.13,87.201
120,2019-06-11,8.208,1.35,2.587,15.3,5.781,13.42,11.593,1.339,3.1,86.239
121,2019-06-12,8.104,1.36,2.587,15.3,5.713,13.823,11.439,1.357,3.31,86.033
122,2019-06-13,7.865,1.45,2.623,15.3,5.562,13.782,11.624,1.429,3.35,84.659
123,2019-06-14,7.865,1.55,2.646,15.3,5.57,13.823,11.377,1.42,3.26,85.003
124,2019-06-17,7.555,1.47,2.623,15.2,5.51,13.823,11.256,1.438,3.2,85.003
125,2019-06-18,7.555,1.4,2.596,15.0,5.42,13.823,11.439,1.339,3.14,84.522
126,2019-06-19,7.486,1.49,2.58,15.35,5.42,13.823,11.5,1.375,3.2,84.796
127,2019-06-20,8.173,1.53,2.573,15.75,5.45,13.782,11.624,1.375,3.12,84.728
128,2019-06-21,7.521,1.5,2.566,15.6,5.45,13.742,11.562,1.438,3.2,86.239
129,2019-06-24,7.417,1.56,2.5,16.0,5.45,13.782,11.928,1.438,3.2,84.59
130,2019-06-25,7.384,1.59,2.448,16.75,5.338,13.782,12.051,1.429,3.15,84.796
131,2019-06-26,7.555,1.57,2.434,16.6,5.487,13.782,12.662,1.438,3.16,84.865
132,2019-06-27,8.071,1.54,2.384,16.3,5.623,13.742,12.296,1.474,3.38,84.59
133,2019-06-28,8.448,1.58,2.442,17.1,5.555,13.823,13.213,1.474,3.37,84.522
134,2019-07-01,7.658,1.56,2.478,17.1,5.608,13.863,13.152,1.492,3.39,85.896
135,2019-07-02,7.624,1.55,2.434,17.1,5.638,13.823,13.213,1.501,3.32,85.965
136,2019-07-03,7.727,1.55,2.421,17.35,5.706,13.782,13.458,1.573,3.31,86.583
137,2019-07-04,7.486,1.56,2.464,17.9,5.653,13.782,13.337,1.591,3.27,86.72
138,2019-07-05,7.555,1.54,2.478,17.9,5.638,13.782,13.398,1.483,3.35,86.72
139,2019-07-08,7.555,1.54,2.464,18.7,5.533,13.782,13.09,1.474,3.35,85.346
140,2019-07-09,7.761,1.57,2.457,18.35,5.472,13.988,13.213,1.492,3.33,85.896
141,2019-07-10,7.761,1.63,2.478,18.5,5.472,13.988,13.274,1.429,3.26,85.896
142,2019-07-11,8.036,1.61,2.521,19.0,5.465,14.029,13.029,1.438,3.3,86.033
143,2019-07-12,8.036,1.61,2.551,18.8,5.465,13.988,12.785,1.429,3.24,85.209
144,2019-07-15,8.036,1.6,2.521,18.8,5.502,13.988,13.152,1.474,3.22,84.659
145,2019-07-16,8.071,1.55,2.53,18.1,5.428,13.988,13.029,1.474,3.19,85.209
146,2019-07-17,8.139,1.54,2.514,18.15,5.45,13.907,12.968,1.447,3.18,86.171
147,2019-07-18,,1.51,2.5,18.1,5.495,13.824,12.907,1.465,3.19,85.621
148,2019-07-19,,1.51,2.457,17.95,5.495,13.742,13.213,1.555,3.19,87.201
149,2019-07-22,,1.5,2.442,18.0,5.457,13.659,12.907,1.591,3.11,86.239
150,2019-07-23,,1.45,2.412,18.3,5.42,13.618,12.723,1.636,3.1,86.171
151,2019-07-24,,1.46,2.398,18.0,5.428,13.536,12.539,1.537,3.11,86.308
152,2019-07-25,,1.56,2.391,18.15,5.39,13.454,12.601,1.573,3.12,85.965
153,2019-07-26,7.71,1.56,2.405,17.9,5.367,13.371,12.601,1.663,3.12,85.552
154,2019-07-29,7.761,1.54,2.405,17.9,5.299,13.536,12.418,1.573,3.08,84.865
155,2019-07-30,7.865,1.49,2.391,17.85,5.224,13.618,11.562,1.654,3.12,84.865
156,2019-07-31,7.693,1.52,2.384,17.95,5.007,13.7,11.317,1.699,3.06,84.659
157,2019-08-01,7.727,1.54,2.318,17.9,4.826,13.782,11.377,1.618,3.03,85.346
158,2019-08-02,7.795,1.5,2.267,17.5,4.698,13.824,12.051,1.618,2.99,85.209
159,2019-08-05,7.795,1.48,2.194,17.7,4.878,13.742,11.868,1.519,2.99,83.834
160,2019-08-06,7.795,1.44,2.187,18.25,4.796,13.618,11.624,1.483,2.9,82.597
161,2019-08-07,7.795,1.48,2.223,18.25,4.773,13.412,11.194,1.555,2.95,83.147
162,2019-08-08,7.624,1.53,2.252,18.35,4.691,13.33,11.439,1.573,2.98,83.078
163,2019-08-09,7.521,1.53,2.303,18.25,4.683,13.166,11.317,1.591,3.12,83.147
164,2019-08-12,7.521,1.54,2.274,18.25,4.706,13.166,10.949,1.636,3.12,82.872
165,2019-08-13,7.624,1.52,2.237,18.0,4.698,13.166,10.705,1.618,3.12,81.086
166,2019-08-14,7.898,1.52,2.216,18.6,4.72,13.001,11.133,1.609,3.12,81.567
167,2019-08-15,7.933,1.49,2.194,18.4,4.691,13.248,11.194,1.582,3.07,83.834
168,2019-08-16,7.933,1.53,2.216,18.45,4.706,13.166,11.133,1.582,3.08,85.277
169,2019-08-19,7.898,1.53,2.216,18.0,4.698,13.248,11.073,1.618,3.15,85.827
170,2019-08-20,7.795,1.55,2.216,18.1,4.736,13.33,11.01,1.546,3.14,85.484
171,2019-08-21,7.83,1.61,2.194,17.9,4.886,13.33,11.073,1.618,3.09,85.14
172,2019-08-22,8.104,1.61,2.187,17.55,4.886,13.288,11.624,1.618,3.1,85.209
173,2019-08-23,8.036,1.61,2.18,17.15,4.803,13.288,11.5,1.627,3.08,84.522
174,2019-08-26,8.053,1.59,2.144,17.0,4.728,13.166,11.377,1.636,3.07,82.804
175,2019-08-27,8.139,1.61,2.15,16.7,4.728,13.083,11.377,1.69,3.06,81.773
176,2019-08-28,8.001,1.6,2.171,17.6,4.811,13.083,11.133,1.663,3.07,82.048
177,2019-08-29,7.778,1.6,2.18,17.3,4.751,13.083,11.194,1.681,3.06,84.522
178,2019-08-30,7.898,1.62,2.18,17.0,4.728,13.576,11.133,1.681,3.06,84.522
179,2019-09-03,7.727,1.6,2.144,17.0,4.706,13.576,11.01,1.591,3.0,85.209
180,2019-09-04,7.555,1.59,2.144,17.0,4.645,13.7,10.889,1.69,3.0,85.071
181,2019-09-05,7.761,1.51,2.128,17.1,4.601,13.824,10.889,1.708,2.98,83.834
182,2019-09-06,7.795,1.54,2.107,17.15,4.548,13.865,10.828,1.6,2.96,84.384
183,2019-09-09,7.898,1.57,2.078,17.15,4.481,13.865,10.949,1.708,2.93,85.552
184,2019-09-10,7.83,1.55,2.048,17.3,4.481,13.865,11.01,1.708,2.9,85.003
185,2019-09-11,7.795,1.54,2.062,17.1,4.481,13.865,11.01,1.753,2.85,83.903
186,2019-09-12,7.898,1.58,2.121,16.95,4.481,14.07,11.317,1.87,3.0,83.834
187,2019-09-13,7.898,1.59,2.135,16.5,4.465,14.4,11.256,1.924,2.92,83.903
188,2019-09-16,7.881,1.61,2.099,16.5,4.766,14.77,10.828,2.049,2.92,84.883
189,2019-09-17,7.795,1.6,2.15,16.8,4.766,14.811,10.889,2.103,2.9,85.581
190,2019-09-18,7.727,1.58,2.216,16.95,5.082,14.728,10.949,2.112,2.88,86.42
191,2019-09-19,7.727,1.57,2.296,16.5,5.435,14.688,10.949,1.969,2.86,86.35
192,2019-09-20,7.795,1.56,2.296,16.3,5.66,14.77,10.889,1.942,2.91,85.302
193,2019-09-23,7.795,1.53,2.282,16.4,5.345,14.728,10.889,2.023,2.85,86.979
194,2019-09-24,8.071,1.53,2.216,16.0,5.36,14.77,11.01,2.058,2.85,88.655
195,2019-09-25,7.847,1.52,2.333,15.5,5.36,14.77,11.073,2.067,2.86,88.306
196,2019-09-26,7.83,1.53,2.303,15.5,5.48,14.811,11.317,1.996,2.87,90.821
197,2019-09-27,7.693,1.52,2.259,15.4,5.428,14.77,11.317,2.058,2.86,90.891
198,2019-09-30,7.83,1.53,2.259,15.15,5.375,14.688,11.133,2.076,2.84,90.612
199,2019-10-01,7.71,1.53,2.274,15.6,5.382,14.647,10.889,2.22,2.82,89.424
200,2019-10-02,7.727,1.52,2.282,15.1,5.367,14.688,10.767,2.184,2.78,88.725
201,2019-10-03,7.693,1.51,2.282,15.1,5.262,14.606,11.01,2.157,2.8,90.123
202,2019-10-04,7.727,1.49,2.303,15.2,5.277,14.606,11.256,2.238,2.87,89.843
203,2019-10-07,7.693,1.49,2.303,15.2,5.375,14.647,11.133,2.328,2.82,90.192
204,2019-10-08,7.898,1.51,2.289,15.1,5.404,14.728,11.073,2.49,2.8,90.123
205,2019-10-09,8.208,1.5,2.318,15.05,5.375,14.728,11.133,2.427,2.75,88.725
206,2019-10-10,8.551,1.47,2.361,15.2,5.39,14.77,10.949,2.517,2.74,88.725
207,2019-10-11,8.586,1.47,2.448,15.2,5.57,14.811,10.949,2.472,2.93,89.424
208,2019-10-14,8.482,1.48,2.442,15.25,5.691,15.387,10.889,2.472,2.92,89.843
209,2019-10-15,8.603,1.48,2.434,15.2,5.577,15.469,11.01,2.472,2.87,89.634
210,2019-10-16,8.551,1.47,2.442,15.2,5.518,15.428,10.828,2.499,2.83,91.101
211,2019-10-17,8.74,1.48,2.405,15.2,5.457,15.387,10.705,2.364,2.83,91.52
212,2019-10-18,8.586,1.47,2.369,15.3,5.518,15.387,10.279,2.4,2.83,92.568
213,2019-10-21,8.139,1.47,2.376,15.3,5.495,15.347,10.033,2.355,2.96,93.336
214,2019-10-22,8.242,1.47,2.442,15.55,5.472,15.099,9.849,2.517,2.98,92.568
215,2019-10-23,8.071,1.46,2.448,15.25,5.352,15.305,9.849,2.652,3.01,92.428
216,2019-10-24,7.933,1.47,2.442,15.25,5.375,15.347,9.727,2.625,2.99,92.638
217,2019-10-25,8.036,1.47,2.303,15.0,5.465,15.387,9.911,2.58,2.95,93.965
218,2019-10-28,8.088,1.49,2.274,15.0,5.465,15.635,9.849,2.598,2.9,93.476
219,2019-10-29,7.95,1.47,2.289,14.95,5.27,15.552,9.664,2.778,2.96,93.686
220,2019-10-30,7.968,1.57,2.31,14.95,4.982,15.552,9.543,2.814,2.97,92.218
221,2019-10-31,8.001,1.67,2.31,14.95,4.861,15.428,9.36,2.823,2.83,90.821
222,2019-11-01,8.139,1.61,2.303,14.8,4.926,15.428,9.664,3.002,2.81,92.498
223,2019-11-04,8.036,1.55,2.274,14.7,5.112,14.894,9.604,2.966,2.78,91.729
224,2019-11-05,8.001,1.58,2.231,14.45,5.084,15.058,9.604,2.859,2.82,90.262
225,2019-11-06,8.071,1.57,2.231,14.85,5.093,15.182,9.483,3.002,2.79,90.891
226,2019-11-07,8.276,1.55,2.171,14.9,5.075,15.552,9.483,3.056,2.78,90.192
227,2019-11-08,8.414,1.56,2.209,14.9,5.028,15.593,9.604,3.173,2.8,90.262
228,2019-11-11,8.448,1.51,2.194,14.75,4.991,15.552,9.483,3.182,2.79,90.332
229,2019-11-12,8.379,1.55,2.216,14.75,5.0,15.552,9.36,3.398,2.84,89.075
230,2019-11-13,8.379,1.56,2.201,14.75,5.0,15.552,9.054,3.632,2.8,87.677
231,2019-11-14,8.396,1.64,2.201,14.9,4.963,15.469,8.87,3.838,2.81,87.957
232,2019-11-15,8.396,1.57,2.216,14.85,4.907,15.469,8.933,3.578,2.79,85.931
233,2019-11-18,8.534,1.58,2.201,14.7,4.824,15.469,8.687,3.335,2.78,84.394
234,2019-11-19,8.534,1.59,2.237,14.75,4.833,15.469,8.687,3.146,2.95,86.909
235,2019-11-20,8.414,1.55,2.237,14.75,5.037,15.387,8.748,2.93,2.9,86.629
236,2019-11-21,8.414,1.55,2.223,14.7,5.075,15.305,8.625,2.733,2.85,85.232
237,2019-11-22,8.276,1.52,2.231,14.7,4.982,14.976,8.748,2.544,2.79,84.883
238,2019-11-25,8.345,1.53,2.209,14.6,4.879,14.976,9.237,2.373,2.79,85.861
239,2019-11-26,8.225,1.56,2.237,14.55,4.889,15.222,9.36,2.211,2.8,85.931
240,2019-11-27,8.242,1.54,2.246,14.6,4.889,15.387,9.115,2.364,2.81,85.302
241,2019-11-28,8.122,1.53,2.398,14.5,4.861,15.387,9.483,2.526,2.8,85.302
242,2019-11-29,8.208,1.51,2.376,14.6,4.861,15.387,9.36,2.463,2.79,84.883
243,2019-12-02,8.311,1.45,2.355,14.55,4.786,15.264,9.237,2.292,2.79,82.647
244,2019-12-03,8.345,1.45,2.31,14.45,4.693,15.222,9.176,2.382,2.8,81.32
245,2019-12-04,8.311,1.47,2.267,14.5,4.824,15.264,9.237,2.319,2.82,82.997
246,2019-12-05,8.311,1.5,2.231,14.5,4.786,15.305,9.176,2.319,2.81,82.298
247,2019-12-06,8.311,1.48,2.237,14.5,4.768,15.347,8.933,2.481,2.79,81.25
248,2019-12-09,7.984,1.51,2.289,14.8,4.74,15.347,8.87,2.652,2.61,82.508
249,2019-12-10,7.881,1.52,2.231,14.5,4.712,15.305,8.87,2.832,2.58,82.577
250,2019-12-11,8.001,1.52,2.384,14.45,4.721,15.305,9.054,2.876,2.6,82.857
251,2019-12-12,7.984,1.48,2.333,14.3,4.731,15.264,9.115,2.778,2.52,83.276
252,2019-12-13,7.95,1.5,2.339,14.25,4.898,15.222,9.237,2.814,2.57,82.438
253,2019-12-16,8.139,1.6,2.5,14.25,5.065,15.264,9.237,2.93,2.55,82.927
254,2019-12-17,8.155,1.71,2.587,14.5,5.009,15.264,9.054,2.859,2.58,81.809
255,2019-12-18,8.139,1.71,2.478,14.4,4.861,15.017,9.115,2.661,2.6,82.857
256,2019-12-19,8.191,1.6,2.361,14.15,4.833,14.811,9.483,2.508,2.74,83.625
257,2019-12-20,8.071,1.71,2.384,14.2,4.842,15.14,9.664,2.679,2.74,83.835
258,2019-12-23,8.311,1.8,2.427,14.2,4.851,15.14,9.483,2.859,2.79,82.438
259,2019-12-24,8.345,1.92,2.391,14.15,4.851,15.182,9.36,2.841,2.76,82.857
260,2019-12-25,8.482,1.85,2.391,14.15,4.833,15.14,9.36,2.841,2.7,82.438
261,2019-12-26,8.414,1.97,2.339,14.15,4.796,15.222,9.36,2.742,2.7,82.44
262,2019-12-27,8.276,2.07,2.303,14.15,4.879,15.222,9.483,2.589,2.69,83.285
263,2019-12-30,8.225,2.0,2.303,14.0,4.833,15.222,9.299,2.589,2.65,82.087
264,2019-12-31,8.345,1.91,2.282,13.9,4.786,15.222,9.115,2.769,2.64,82.087
265,2020-01-02,8.586,2.04,2.346,14.0,4.833,15.305,9.176,2.67,2.66,83.074
266,2020-01-03,8.654,2.07,2.339,14.2,4.768,15.305,9.237,2.697,2.64,83.356
267,2020-01-06,8.482,2.2,2.296,14.2,4.693,15.305,9.36,2.553,2.6,82.722
268,2020-01-07,8.586,2.35,2.318,14.15,4.721,15.387,9.849,2.553,2.63,83.497
269,2020-01-08,8.139,2.38,2.237,14.05,4.647,15.305,9.42,2.382,2.59,83.708
270,2020-01-09,8.071,2.36,2.246,14.05,4.666,15.387,9.664,2.517,2.59,83.567
271,2020-01-10,7.916,2.25,2.223,14.05,4.647,15.387,9.604,2.499,2.57,83.779
272,2020-01-13,7.847,2.1,2.201,14.0,4.601,15.387,9.42,2.472,2.55,82.722
273,2020-01-14,7.847,1.96,2.223,14.0,4.591,15.347,9.42,2.418,2.59,83.003
274,2020-01-15,7.71,1.98,2.289,13.85,4.508,15.387,9.483,2.31,2.62,83.003
275,2020-01-16,7.555,1.85,2.282,13.95,4.517,15.305,9.664,2.247,2.62,83.285
276,2020-01-17,7.727,1.79,2.282,14.0,4.508,15.222,9.543,2.094,2.59,83.567
277,2020-01-20,7.71,1.85,2.355,13.8,4.508,15.222,9.483,1.978,2.62,83.849
278,2020-01-21,7.727,1.97,2.478,14.05,4.573,15.182,9.483,2.112,2.75,85.258
279,2020-01-22,7.865,1.97,2.478,14.05,4.656,15.305,10.215,2.256,2.74,85.47
280,2020-01-30,7.366,1.84,2.646,13.9,4.508,15.305,9.972,2.103,2.65,82.158
281,2020-01-31,6.937,1.72,2.792,13.5,4.201,15.264,9.483,1.96,2.48,76.451
282,2020-02-03,6.525,1.6,2.683,13.5,3.913,14.811,8.933,1.825,2.33,76.31
283,2020-02-04,6.748,1.71,2.573,13.5,3.857,14.647,8.687,1.735,2.36,73.984
284,2020-02-05,6.799,1.79,2.573,12.7,3.876,14.606,8.87,1.852,2.38,75.112
285,2020-02-06,7.023,1.8,2.748,13.55,3.95,14.811,9.42,1.978,2.46,75.746
286,2020-02-07,7.023,1.72,2.937,13.55,3.931,14.811,9.36,1.951,2.4,77.648
287,2020-02-10,6.766,1.82,2.937,13.6,3.857,14.811,9.237,1.906,2.4,76.803
288,2020-02-11,6.903,1.76,2.988,13.6,3.885,15.222,9.299,1.915,2.45,75.535
289,2020-02-12,7.058,1.8,2.945,13.6,4.052,16.251,9.911,1.978,2.58,75.535
290,2020-02-13,7.006,1.79,3.148,13.6,4.21,17.361,10.033,2.103,2.59,75.323
291,2020-02-14,6.937,1.83,3.229,13.6,4.089,17.444,9.911,2.157,2.75,75.112
292,2020-02-17,7.177,1.95,3.28,13.5,3.996,17.486,9.727,2.202,2.84,75.746
293,2020-02-18,7.521,1.94,3.425,13.5,4.024,17.815,9.972,2.085,2.78,74.337
294,2020-02-19,7.417,2.04,3.462,13.45,4.117,18.102,9.789,2.139,2.78,74.971
295,2020-02-20,7.28,2.01,3.28,13.45,4.127,18.102,9.916,2.067,2.9,74.971
296,2020-02-21,7.109,1.91,3.295,13.6,4.061,18.102,9.595,2.023,2.85,76.451
297,2020-02-24,6.782,1.78,3.069,13.5,3.811,17.979,8.821,1.888,2.68,74.971
298,2020-02-25,6.903,1.82,3.025,13.45,3.718,18.02,9.08,1.942,2.79,76.098
299,2020-02-26,6.766,1.79,2.922,13.4,3.783,17.937,8.887,1.861,2.75,73.984
300,2020-02-27,6.662,1.82,3.127,13.4,4.043,18.185,9.08,1.888,2.82,75.676
301,2020-02-28,6.456,1.76,3.265,13.4,4.136,17.815,8.887,1.861,2.75,73.632
302,2020-03-02,6.576,1.79,3.491,13.4,4.08,17.608,8.887,1.861,2.7,73.632
303,2020-03-03,6.714,1.85,3.732,13.4,4.099,17.361,8.951,1.924,2.7,74.196
304,2020-03-04,6.731,1.97,3.747,13.4,4.136,17.197,9.08,2.049,2.85,73.844
305,2020-03-05,6.645,1.91,3.739,13.35,4.136,17.156,9.144,1.978,2.81,73.632
306,2020-03-06,6.748,1.9,3.652,13.4,4.192,16.539,8.951,1.996,2.94,73.421
307,2020-03-09,6.525,1.77,3.397,13.2,3.903,15.922,8.112,1.861,2.74,68.348
308,2020-03-10,6.525,1.79,3.265,13.2,3.922,15.757,8.243,1.87,2.74,71.659
309,2020-03-11,6.422,1.73,3.039,13.2,3.727,15.058,8.307,1.816,2.59,71.589
310,2020-03-12,6.251,1.63,2.828,13.0,3.495,14.029,8.5,1.699,2.41,71.096
311,2020-03-13,6.147,1.65,2.705,12.95,3.587,13.083,8.757,1.816,2.4,69.827
312,2020-03-16,6.113,1.7,2.719,12.95,3.569,12.178,8.436,1.942,2.43,68.348
313,2020-03-17,5.993,1.81,2.85,12.75,3.606,12.425,8.5,2.076,2.54,67.643
314,2020-03-18,6.01,1.93,2.945,12.85,3.671,12.425,8.179,2.22,2.6,66.938
315,2020-03-19,6.387,1.8,2.741,12.8,3.532,12.302,7.728,2.067,2.49,62.711
316,2020-03-20,5.958,1.84,2.609,12.7,3.532,12.096,7.211,1.924,2.48,63.415
317,2020-03-23,5.546,1.72,2.427,12.7,3.29,11.273,6.503,1.816,2.31,58.976
318,2020-03-24,5.924,1.8,2.596,12.7,3.253,10.491,5.86,1.942,2.15,60.667
319,2020-03-25,6.251,1.75,2.653,12.5,3.318,9.792,6.311,1.906,2.21,64.824
320,2020-03-26,6.061,1.65,2.471,12.2,3.16,10.45,5.86,1.843,2.15,66.234
321,2020-03-27,6.061,1.59,2.369,12.3,3.048,11.149,5.602,1.852,2.0,66.304
322,2020-03-30,6.473,1.48,2.216,12.2,2.844,10.656,5.152,1.726,1.86,64.261
323,2020-03-31,6.456,1.39,2.194,12.2,2.649,10.45,4.959,1.672,1.84,64.12
324,2020-04-01,6.628,1.48,2.289,12.5,2.695,10.45,5.217,1.789,1.84,66.234
325,2020-04-03,6.576,1.54,2.369,12.3,2.881,10.532,5.733,1.87,1.89,66.938
326,2020-04-06,6.934,1.61,2.53,12.7,3.076,11.232,6.247,1.978,2.02,67.784
327,2020-04-07,7.38,1.56,2.478,12.75,3.29,11.067,6.826,1.843,1.98,69.404
328,2020-04-08,7.543,1.57,2.508,12.7,3.439,11.108,7.471,1.834,1.99,69.757
329,2020-04-09,8.03,1.53,2.478,12.7,3.532,11.108,7.92,1.816,1.99,70.532
330,2020-04-10,8.455,1.53,,12.7,3.346,,,1.942,1.98,
331,2020-04-13,8.921,1.54,2.471,12.7,3.346,11.52,7.405,1.969,2.1,69.827
332,2020-04-14,9.368,1.54,2.457,12.65,3.578,11.643,8.112,1.879,2.15,69.757
333,2020-04-15,9.935,1.63,2.623,12.8,3.634,11.643,8.692,1.924,2.16,69.898
334,2020-04-16,10.625,1.61,2.683,12.75,3.504,11.684,8.5,1.933,2.16,69.968
335,2020-04-17,11.355,1.6,2.835,12.75,3.606,12.219,8.371,2.067,2.15,69.968
336,2020-04-20,10.564,1.6,2.77,12.75,3.578,12.589,8.179,2.032,2.16,70.461
337,2020-04-21,9.834,1.5,2.58,12.65,3.346,11.726,7.471,1.906,2.02,68.207
338,2020-04-22,10.503,1.53,2.639,12.7,3.429,11.643,8.179,1.906,2.04,68.7
339,2020-04-23,10.138,1.54,2.646,12.7,3.392,11.561,7.92,1.915,2.03,67.713
340,2020-04-24,10.056,1.54,2.639,12.8,3.411,11.561,7.92,2.041,2.09,72.434
341,2020-04-27,10.746,1.54,2.821,12.95,3.513,11.273,7.792,2.13,2.08,72.434
342,2020-04-28,11.496,1.53,3.018,13.0,3.587,11.232,7.92,2.121,2.1,70.814
343,2020-04-29,11.233,1.52,3.039,12.9,3.578,11.315,7.856,2.238,2.12,69.757
344,2020-05-04,10.746,1.42,2.879,12.9,3.625,11.643,7.985,2.085,2.12,68.77
345,2020-05-05,11.051,1.49,2.988,12.95,3.615,11.643,7.856,2.112,2.08,70.814
346,2020-05-06,11.193,1.46,3.127,12.95,3.578,11.726,7.985,2.112,2.09,71.518
347,2020-05-07,11.274,1.45,3.075,12.75,3.69,11.726,8.243,2.094,2.09,72.857
348,2020-05-08,11.395,1.47,3.075,12.9,3.643,12.136,8.05,1.96,2.07,73.984
349,2020-05-11,12.186,1.47,3.075,13.8,3.718,12.178,8.112,2.058,2.07,76.451
350,2020-05-12,12.734,1.47,3.091,14.0,3.801,11.931,8.887,2.049,2.07,80.255
351,2020-05-13,13.017,1.57,3.135,14.0,3.996,12.302,8.757,2.112,2.21,80.115
352,2020-05-14,12.875,1.56,3.171,13.9,4.108,12.136,8.821,2.157,2.36,79.621
353,2020-05-15,12.186,1.51,3.039,14.4,3.996,12.178,8.629,2.148,2.52,78.071
354,2020-05-18,13.037,1.5,2.996,14.2,4.043,12.096,8.757,2.157,2.44,78.283
355,2020-05-19,13.301,1.49,2.996,14.0,4.015,12.342,8.629,2.094,2.36,79.339
356,2020-05-20,13.098,1.51,3.01,14.2,3.978,12.302,8.692,2.103,2.52,80.326
357,2020-05-21,13.95,1.47,3.061,14.6,3.978,12.425,8.887,2.121,2.67,81.031
358,2020-05-22,14.112,1.47,3.003,14.5,3.894,12.26,8.692,2.085,2.68,80.608
359,2020-05-25,15.085,1.46,3.025,14.35,3.969,12.178,9.08,2.085,2.69,82.863
360,2020-05-26,15.369,1.43,2.996,14.4,3.996,12.342,9.337,2.157,2.68,82.863
361,2020-05-27,14.801,1.43,2.821,14.35,3.894,12.302,8.887,2.148,2.69,81.031
362,2020-05-28,15.836,1.43,2.879,14.35,3.885,12.26,8.887,2.13,2.72,80.89
363,2020-05-29,16.748,1.49,2.973,15.35,3.866,12.26,8.757,2.274,2.91,81.031
364,2020-06-01,17.903,1.58,3.003,15.95,4.136,12.342,8.887,2.427,3.11,81.806
365,2020-06-02,18.208,1.49,2.894,15.0,4.052,12.302,8.887,2.265,3.04,81.735
366,2020-06-03,19.465,1.5,3.091,15.3,4.052,12.302,8.887,2.22,3.02,82.158
367,2020-06-04,20.803,1.53,3.171,15.3,4.043,12.384,9.015,2.229,3.15,83.003
368,2020-06-05,21.899,1.55,3.353,15.5,4.303,12.384,9.53,2.301,3.11,83.99
369,2020-06-08,22.953,1.65,3.586,15.75,4.601,13.248,9.595,2.445,3.32,86.527
370,2020-06-09,22.384,1.62,3.652,16.2,4.563,13.288,9.337,2.328,3.38,88.077
371,2020-06-10,20.844,1.73,3.907,16.5,4.573,13.33,9.272,2.49,3.52,86.667
372,2020-06-11,19.404,1.73,3.637,16.0,4.257,13.33,8.565,2.337,3.28,86.174
373,2020-06-12,18.065,1.78,3.863,15.5,4.173,12.755,8.757,2.499,3.07,83.144
374,2020-06-15,17.235,1.9,3.637,15.2,3.95,12.096,8.307,2.67,2.86,78.917
375,2020-06-16,18.431,1.87,3.688,15.4,4.117,12.26,8.436,2.85,3.06,82.44
376,2020-06-17,18.654,1.78,3.45,15.35,4.061,12.178,8.436,2.769,3.06,81.453
377,2020-06-18,18.857,1.89,3.561,15.2,4.043,12.178,8.5,2.661,3.06,81.171
378,2020-06-19,20.174,1.91,3.593,15.45,4.201,11.972,8.629,2.814,3.26,81.031
379,2020-06-22,21.573,1.81,3.554,15.4,4.21,12.178,8.629,2.697,3.18,81.312
380,2020-06-23,20.073,1.74,3.522,15.7,4.201,12.342,8.5,2.787,3.11,81.735
381,2020-06-24,19.262,1.72,3.419,15.5,4.043,12.219,8.5,2.76,3.06,82.51
382,2020-06-25,19.87,1.8,3.419,15.5,3.978,12.014,8.307,2.787,3.05,82.017
383,2020-06-26,19.85,1.69,3.372,15.3,3.931,11.972,8.243,2.706,3.07,81.665
384,2020-06-29,19.059,1.58,3.166,15.4,3.727,11.437,7.662,2.517,2.93,79.877
385,2020-06-30,18.005,1.54,3.079,15.3,3.736,10.985,7.856,2.346,2.81,80.448
386,2020-07-01,18.532,1.64,3.293,15.4,3.838,11.396,8.05,2.427,2.92,81.875
387,2020-07-02,19.424,1.62,3.293,15.45,3.903,11.478,8.05,2.337,2.93,80.662
388,2020-07-03,18.573,1.62,3.316,15.4,3.894,11.561,8.371,2.4,2.9,81.447
389,2020-07-06,18.654,1.62,3.3,15.45,3.931,11.766,8.436,2.418,2.88,83.16
390,2020-07-07,18.005,1.57,3.213,15.35,3.829,11.766,8.371,2.328,2.87,82.803
391,2020-07-08,18.046,1.58,3.269,,3.718,11.848,8.436,2.391,,82.446
392,2020-07-09,18.735,1.64,3.356,15.3,3.848,11.972,8.714,2.508,2.9,82.732
393,2020-07-10,18.817,1.6,3.316,15.3,3.792,12.055,8.714,2.436,2.94,82.304
394,2020-07-13,18.654,1.57,3.293,15.45,3.783,11.931,8.645,2.418,3.09,81.947
395,2020-07-14,18.492,1.59,3.324,15.4,3.773,12.055,8.645,2.418,3.2,82.232
396,2020-07-15,18.471,1.57,3.316,14.4,3.773,12.096,8.645,2.58,3.12,82.803
397,2020-07-16,19.749,1.57,3.324,14.35,3.764,12.425,8.924,2.733,3.12,83.874
398,2020-07-17,20.276,1.56,3.309,14.2,3.783,12.466,8.994,2.706,3.1,83.374
399,2020-07-20,20.276,1.53,3.411,13.7,3.764,12.302,8.714,2.58,3.18,82.589
400,2020-07-21,20.195,1.53,3.49,14.1,3.755,12.302,8.645,2.526,3.16,82.803
401,2020-07-22,20.884,1.5,3.396,13.8,3.699,12.178,8.645,2.508,3.09,81.447
402,2020-07-23,21.33,1.49,3.347,13.0,3.68,12.136,8.576,2.427,3.08,81.518
403,2020-07-24,19.992,1.42,3.119,12.5,3.429,11.972,8.017,2.265,2.87,79.306
404,2020-07-27,18.593,1.33,2.905,11.65,3.197,11.149,7.251,2.112,2.67,73.809
405,2020-07-28,19.749,1.4,2.984,12.0,3.309,11.52,7.738,2.247,2.74,78.449
406,2020-07-29,18.573,1.32,2.794,12.3,3.132,10.862,7.32,2.094,2.57,75.665
407,2020-07-30,18.614,1.33,2.865,12.0,3.141,11.108,7.32,2.13,2.66,77.807
408,2020-07-31,18.329,1.24,3.063,11.95,3.253,10.862,7.46,2.067,2.84,76.379
409,2020-08-03,19.343,1.32,3.276,12.0,3.439,11.52,7.808,2.175,3.03,77.949
410,2020-08-04,19.1,1.34,3.269,11.8,3.411,11.52,8.087,2.238,3.19,79.448
411,2020-08-05,19.383,1.33,3.309,12.05,3.42,11.808,8.017,2.238,3.12,80.019
412,2020-08-06,19.262,1.3,3.427,12.2,3.402,11.726,7.949,2.184,3.22,81.947
413,2020-08-07,19.87,1.31,3.427,12.05,3.402,11.643,7.879,2.202,3.17,82.446
414,2020-08-10,19.911,1.4,3.45,12.05,3.634,11.643,7.879,2.256,3.17,81.733
415,2020-08-11,19.83,1.38,3.403,11.95,3.885,11.561,8.017,2.211,3.13,81.733
416,2020-08-12,19.343,1.37,3.34,11.95,3.913,11.561,8.017,2.238,3.08,82.518
417,2020-08-13,19.343,1.38,3.403,12.2,3.885,11.561,8.296,2.391,3.15,83.089
418,2020-08-14,19.323,1.33,3.38,12.2,3.764,11.437,8.087,2.292,3.18,83.303
419,2020-08-17,19.018,1.33,3.372,12.1,3.718,11.437,8.017,2.346,3.28,83.517
420,2020-08-18,18.938,1.34,3.403,12.0,3.811,11.684,7.949,2.337,3.4,82.518
421,2020-08-19,19.1,1.34,3.38,12.8,3.801,11.602,8.017,2.364,3.41,82.304
422,2020-08-20,18.857,1.34,3.38,12.6,3.755,11.437,8.017,2.328,3.33,82.232
423,2020-08-21,19.526,1.38,3.419,12.6,3.783,11.602,8.087,2.4,3.37,82.518
424,2020-08-24,19.688,1.4,3.57,12.4,3.857,11.766,8.157,2.517,3.38,83.16
425,2020-08-25,19.343,1.37,3.483,12.3,3.866,12.136,8.296,2.463,3.38,83.731
426,2020-08-26,18.918,1.38,3.641,12.3,3.894,12.096,8.296,2.436,3.61,83.589
427,2020-08-27,19.059,1.39,3.704,12.2,3.913,12.055,8.226,2.481,3.86,83.66
428,2020-08-28,18.857,1.38,3.657,12.2,3.913,12.014,8.296,2.58,4.13,85.159
429,2020-08-31,18.37,1.36,3.57,12.2,3.857,11.808,8.226,2.634,4.41,86.372
430,2020-09-01,18.614,1.33,3.633,12.25,3.866,12.014,8.226,2.589,4.41,87.943
431,2020-09-03,19.627,1.35,3.633,12.15,3.903,11.931,8.783,2.607,4.33,89.014
432,2020-09-04,19.526,1.33,3.554,12.05,3.857,11.931,8.783,2.508,4.5,89.228
433,2020-09-07,19.079,1.34,3.601,12.6,3.978,11.478,8.783,2.562,4.74,89.942
434,2020-09-08,19.262,1.35,3.673,12.5,3.987,11.602,8.854,2.589,4.7,88.657
435,2020-09-09,19.465,1.36,3.641,12.55,4.127,11.602,8.854,2.733,4.94,88.371
436,2020-09-10,19.404,1.45,3.704,12.5,4.415,11.602,8.924,2.706,4.9,89.014
437,2020-09-11,20.236,1.45,3.775,12.35,4.368,11.602,8.854,2.697,4.96,88.371
438,2020-09-14,20.134,1.41,3.815,12.35,4.47,11.561,8.924,2.679,4.89,88.657
439,2020-09-15,19.81,1.43,3.76,12.15,4.47,11.561,9.342,2.724,4.9,89.085
440,2020-09-16,19.747,1.44,3.775,12.1,4.693,11.561,9.271,2.688,4.84,88.657
441,2020-09-17,19.412,1.42,3.878,12.15,4.917,11.726,9.202,2.67,4.7,88.871
442,2020-09-18,19.621,1.41,3.87,12.25,4.777,11.726,9.411,2.652,4.79,90.227
443,2020-09-21,19.392,1.42,3.823,12.1,4.601,11.931,9.342,2.679,5.12,92.868
444,2020-09-22,19.308,1.41,3.807,12.1,4.619,11.808,9.342,2.625,5.25,92.511
445,2020-09-23,19.392,1.41,3.815,12.2,4.61,11.848,9.271,2.67,5.2,92.226
446,2020-09-24,19.621,1.41,3.783,12.1,4.619,11.89,9.271,2.643,5.17,90.87
447,2020-09-25,19.558,1.39,3.799,12.1,4.508,12.507,9.202,2.607,5.2,91.155
448,2020-09-28,19.621,1.4,3.934,12.0,4.452,12.507,9.271,2.535,5.49,91.583
449,2020-09-29,19.663,1.39,3.894,11.75,4.601,12.096,8.924,2.49,5.39,95.025
450,2020-09-30,19.852,1.4,3.886,11.8,4.833,12.178,9.132,2.535,5.49,94.764
451,2020-10-01,20.375,1.4,3.918,11.85,4.861,13.001,9.342,2.562,5.54,95.112
452,2020-10-02,19.998,1.38,3.854,11.9,4.759,13.33,9.202,2.526,5.46,93.981
453,2020-10-05,20.102,1.41,3.981,12.15,5.084,13.33,9.482,2.58,5.53,93.372
454,2020-10-06,19.789,1.46,4.132,12.05,5.418,13.166,9.482,2.643,5.5,93.111
455,2020-10-07,19.496,1.46,4.235,12.15,5.391,13.618,9.411,2.679,5.88,93.981
456,2020-10-08,19.454,1.49,4.139,12.15,5.298,13.454,9.271,2.598,6.29,93.024
457,2020-10-09,19.454,1.44,4.211,12.1,5.242,13.618,9.271,2.571,6.42,92.85
458,2020-10-12,19.036,1.44,4.099,11.8,5.158,13.33,9.064,2.553,6.29,93.111
459,2020-10-13,18.722,1.43,4.148,11.8,5.102,13.454,9.132,2.544,6.56,93.198
460,2020-10-14,18.638,1.44,4.195,11.95,5.009,13.083,9.132,2.526,6.73,93.459
461,2020-10-15,17.341,1.43,4.076,12.0,4.786,13.083,8.994,2.499,6.79,93.546
462,2020-10-16,16.985,1.42,4.084,11.9,5.0,13.166,8.994,2.49,7.26,93.459
463,2020-10-19,17.362,1.4,4.076,11.8,4.917,13.536,9.064,2.499,7.76,93.72
464,2020-10-20,17.78,1.43,4.108,11.8,4.889,13.412,9.271,2.472,8.12,92.415
465,2020-10-21,17.592,1.39,3.965,11.7,4.898,13.124,8.994,2.436,8.4,92.589
466,2020-10-22,17.467,1.4,3.925,11.65,5.065,13.083,8.924,2.418,8.59,92.85
467,2020-10-23,17.467,1.4,3.973,11.9,5.093,12.998,8.854,2.508,7.99,95.722
468,2020-10-26,17.174,1.38,3.902,11.65,4.889,12.744,8.782,2.445,7.44,96.157
469,2020-10-27,17.237,1.36,3.815,11.7,4.768,12.276,8.422,2.409,6.92,95.374
470,2020-10-28,17.509,1.33,3.641,11.5,4.563,12.276,8.206,2.355,6.44,93.459
471,2020-10-29,17.78,1.34,3.664,10.9,4.721,12.318,8.206,2.364,6.7,93.024
472,2020-10-30,17.55,1.32,3.657,10.95,4.693,12.488,8.351,2.346,6.41,93.981
473,2020-11-02,17.362,1.31,3.696,11.0,4.684,12.488,8.493,2.508,6.07,93.633
474,2020-11-03,17.404,1.32,3.823,10.9,4.889,13.041,8.566,2.589,5.65,93.72
475,2020-11-04,17.509,1.35,3.807,10.9,4.963,13.041,8.711,2.562,6.04,93.981
476,2020-11-05,17.738,1.31,3.76,11.0,4.833,13.041,8.854,2.481,5.81,94.677
477,2020-11-06,17.738,1.32,3.751,10.85,4.814,12.871,8.782,2.508,5.72,94.677
478,2020-11-09,17.78,1.32,3.744,11.2,4.954,13.508,9.573,2.517,5.89,94.677
479,2020-11-10,17.53,1.3,3.68,11.15,4.898,13.423,9.429,2.499,5.8,93.546
480,2020-11-11,17.509,1.31,3.712,11.1,4.851,13.423,9.646,2.499,5.77,93.546
481,2020-11-12,17.383,1.31,3.68,11.1,4.889,13.763,9.646,2.481,5.72,93.111
482,2020-11-13,17.572,1.32,3.775,10.85,5.223,13.72,9.79,2.508,5.83,93.459
483,2020-11-16,17.341,1.32,3.735,11.0,5.298,13.423,9.646,2.49,5.7,93.198
484,2020-11-17,17.383,1.3,3.76,11.0,5.521,13.466,10.077,2.517,5.66,93.633
485,2020-11-18,17.299,1.31,3.751,11.0,5.688,13.763,10.006,2.58,5.5,95.199
486,2020-11-19,17.383,1.3,3.878,11.0,5.632,14.655,10.077,2.562,5.66,95.461
487,2020-11-20,18.408,1.35,4.061,11.75,5.511,14.867,9.934,2.553,5.58,96.505
488,2020-11-23,18.366,1.33,3.973,12.3,5.511,14.825,9.934,2.598,5.97,96.244
489,2020-11-24,18.094,1.33,3.918,12.5,5.483,15.675,9.934,2.553,6.12,95.374
490,2020-11-25,17.864,1.32,3.894,13.35,5.521,15.632,10.006,2.526,5.95,96.157
491,2020-11-26,17.864,1.33,3.958,14.25,5.446,15.165,10.149,2.499,5.94,95.635
492,2020-11-27,18.074,1.32,3.949,14.55,5.418,15.589,10.006,2.463,5.93,95.548
493,2020-11-30,17.738,1.31,3.862,14.7,5.307,15.335,9.861,2.526,5.79,94.155
494,2020-12-01,17.655,1.3,3.854,14.5,5.344,15.717,9.861,2.508,5.63,95.461
495,2020-12-02,17.78,1.31,3.799,13.9,5.335,16.142,10.797,2.49,5.59,94.851
496,2020-12-03,17.906,1.32,3.878,13.9,5.539,16.099,10.581,2.508,5.68,95.286
497,2020-12-04,17.655,1.33,3.847,14.7,5.465,16.311,10.654,2.544,5.68,94.851
498,2020-12-07,17.676,1.33,3.958,14.45,5.474,16.227,10.869,2.625,5.61,95.722
499,2020-12-08,17.634,1.34,3.862,14.0,5.483,16.184,10.869,2.67,5.62,95.025
500,2020-12-09,17.801,1.43,3.902,13.8,5.865,16.227,10.797,2.787,5.69,95.461
501,2020-12-10,18.052,1.35,3.791,14.4,5.846,15.759,10.654,2.625,5.67,97.462
502,2020-12-11,19.308,1.37,3.799,14.45,5.93,15.972,10.869,2.715,5.63,97.984
503,2020-12-14,19.873,1.36,3.894,14.4,6.004,16.821,11.374,2.841,5.74,98.68
504,2020-12-15,20.333,1.4,3.878,14.25,5.948,16.651,11.229,2.823,5.67,96.766
505,2020-12-16,20.437,1.42,3.918,15.2,6.088,16.821,11.229,2.751,5.72,97.114
506,2020-12-17,20.102,1.42,4.068,14.6,6.171,16.821,11.374,2.724,5.64,96.07
507,2020-12-18,20.919,1.42,4.068,14.6,6.589,16.821,11.518,2.742,5.6,96.07
508,2020-12-21,21.127,1.49,4.061,14.65,6.998,17.671,11.301,2.832,5.5,96.592
509,2020-12-22,21.503,1.54,4.163,14.9,7.268,18.266,11.012,3.029,5.69,95.635
510,2020-12-23,21.755,1.6,4.273,14.75,6.775,18.01,11.012,3.038,6.07,95.896
511,2020-12-24,21.127,1.51,4.202,14.2,6.413,17.416,10.581,2.921,5.89,94.59
512,2020-12-25,21.964,1.51,4.298,14.2,6.859,17.756,10.797,2.993,5.85,94.851
513,2020-12-28,22.592,1.52,4.599,14.2,7.054,17.798,10.797,3.056,5.74,94.59
514,2020-12-29,24.14,1.53,4.891,14.2,6.887,17.798,11.446,3.02,5.97,95.025
515,2020-12-30,24.014,1.54,4.788,14.55,6.599,17.713,11.229,3.083,6.15,94.677
516,2020-12-31,23.721,1.56,4.78,14.55,6.822,17.798,11.229,3.092,6.15,94.677
517,2021-01-04,24.474,1.6,4.931,14.9,6.971,17.798,11.948,3.236,6.1,95.112
518,2021-01-05,24.014,1.57,4.907,15.55,6.85,18.138,11.878,3.155,6.17,97.303
519,2021-01-06,24.265,1.56,4.954,16.1,6.84,18.053,11.948,3.065,6.13,96.425
520,2021-01-07,24.265,1.61,4.978,17.2,7.314,18.053,12.238,3.191,6.55,96.952
521,2021-01-08,24.851,1.63,5.105,16.95,7.389,18.52,12.166,3.218,6.51,98.357
522,2021-01-11,24.223,1.68,5.382,16.3,7.389,19.412,12.597,3.353,6.55,101.782
523,2021-01-12,24.056,1.72,5.5,16.1,7.221,19.412,13.173,3.398,6.63,102.133
524,2021-01-13,25.019,1.84,5.145,16.0,7.017,19.157,13.245,3.596,6.5,100.552
525,2021-01-14,26.357,1.95,5.311,15.55,7.175,19.412,13.101,3.793,6.45,99.323
526,2021-01-15,26.566,2.08,5.564,15.75,7.101,20.219,13.965,4.054,6.53,100.026
527,2021-01-18,25.604,2.22,5.92,15.5,7.212,21.239,15.333,4.324,6.98,99.499
528,2021-01-19,24.056,2.07,5.516,14.45,6.738,20.389,15.045,4.027,6.7,94.581
529,2021-01-20,24.181,1.98,5.398,14.0,6.599,19.879,14.677,3.955,6.6,95.722
530,2021-01-21,24.516,2.11,5.619,14.75,6.673,20.389,16.145,4.117,6.68,96.864
531,2021-01-22,24.265,2.14,5.461,14.3,6.822,20.262,17.76,3.829,6.43,95.459
532,2021-01-25,23.846,2.08,5.453,13.55,6.822,19.03,19.521,3.569,5.98,95.02
533,2021-01-26,22.215,1.94,5.074,12.7,6.366,18.01,18.274,3.569,5.58,93.703
534,2021-01-27,20.919,1.81,4.725,12.0,5.93,16.778,16.512,3.353,5.19,90.717
535,2021-01-28,19.454,1.69,4.4,11.2,5.521,15.632,14.897,3.119,4.83,84.394
536,2021-01-29,19.935,1.58,4.464,11.2,5.521,15.292,14.238,2.993,4.94,90.278
537,2021-02-01,18.826,1.47,4.155,10.45,5.14,14.273,12.843,2.876,4.6,90.19
538,2021-02-02,19.642,1.54,4.211,10.65,4.833,15.249,12.843,3.047,4.28,93.439
539,2021-02-03,20.5,1.64,4.472,11.2,5.167,16.311,14.09,3.11,4.5,96.337
540,2021-02-04,20.5,1.57,4.424,11.1,5.335,16.311,15.485,3.263,4.81,95.547
541,2021-02-05,21.713,1.57,4.551,11.1,5.307,17.416,15.558,3.326,4.99,96.249
542,2021-02-08,20.5,1.53,4.273,10.45,4.954,17.458,14.31,3.146,4.7,92.473
543,2021-02-09,20.919,1.63,4.511,11.15,5.167,18.606,15.045,3.326,4.74,94.844
544,2021-02-17,21.545,1.74,4.82,11.9,5.521,19.837,16.438,3.461,5.07,95.459
545,2021-02-18,22.508,1.81,5.002,12.45,5.595,19.837,16.071,3.425,5.14,95.722
546,2021-02-19,22.592,1.82,4.923,12.5,5.632,19.412,16.365,3.398,5.1,94.844
547,2021-02-22,22.382,1.83,4.86,12.1,5.716,18.69,15.998,3.38,5.14,94.405
548,2021-02-23,21.964,1.81,4.915,11.75,5.809,19.115,16.071,3.317,5.13,93.966
549,2021-02-24,21.503,1.82,4.749,11.45,5.818,18.987,15.998,3.236,5.09,92.912
550,2021-02-25,21.42,1.8,4.796,11.4,5.762,18.647,15.924,3.2,5.09,91.858
551,2021-02-26,21.839,1.81,4.82,11.5,5.725,18.436,17.466,3.209,5.06,92.034
552,2021-03-01,21.839,1.81,4.836,11.65,5.809,19.455,17.686,3.128,5.06,92.737
553,2021-03-02,22.09,1.82,4.86,11.65,5.902,19.455,17.98,3.146,5.41,92.122
554,2021-03-03,22.55,1.85,4.978,11.7,6.311,19.455,18.347,3.362,5.78,91.771
555,2021-03-04,23.22,1.84,4.844,11.5,6.506,19.115,17.906,3.371,5.78,90.805
556,2021-03-05,22.968,1.84,5.112,11.3,6.534,19.073,18.347,3.605,5.63,90.453
557,2021-03-08,23.47,1.96,5.089,11.6,6.552,18.945,18.347,3.685,6.02,89.751
558,2021-03-09,24.181,2.0,5.041,11.7,6.599,19.2,17.906,3.632,6.25,88.258
559,2021-03-10,24.265,1.96,5.112,12.5,6.627,19.2,17.613,3.685,6.13,88.785
560,2021-03-11,24.223,1.83,5.152,12.45,6.506,19.285,18.347,3.739,6.13,90.278
561,2021-03-12,24.265,1.9,5.335,12.3,6.543,20.219,17.98,3.775,6.18,89.751
562,2021-03-15,24.851,2.03,5.374,12.5,6.766,20.219,17.833,4.036,6.42,89.751
563,2021-03-16,25.855,2.0,5.429,12.5,6.859,20.135,17.613,4.306,6.36,88.697
564,2021-03-17,25.687,1.99,5.311,12.35,6.72,19.965,17.613,4.602,6.19,88.258
565,2021-03-18,25.479,1.99,5.335,12.0,6.692,19.965,18.347,4.917,6.18,90.014
566,2021-03-19,25.479,1.98,5.326,12.3,6.608,19.54,17.833,5.079,6.05,89.312
567,2021-03-22,25.311,2.01,5.326,12.15,6.617,19.965,17.906,5.034,6.3,88.521
568,2021-03-23,24.474,2.1,5.295,11.85,6.599,19.795,17.466,5.277,6.48,87.994
569,2021-03-24,24.432,2.04,5.145,11.5,6.246,19.285,16.732,5.277,6.6,86.677
570,2021-03-25,24.349,2.02,5.192,11.4,6.311,18.817,16.365,5.268,6.81,86.501
571,2021-03-26,24.432,2.01,5.105,11.25,6.208,18.69,16.512,5.636,6.71,85.535
572,2021-03-29,24.641,2.15,,11.65,6.487,,,6.023,7.17,
573,2021-03-30,24.516,2.3,5.342,11.55,6.459,18.86,16.879,6.436,7.36,87.116
574,2021-03-31,24.307,2.42,5.714,11.6,6.32,19.03,16.585,6.472,7.2,86.414
575,2021-04-01,25.521,2.33,6.11,11.6,6.543,19.455,17.025,6.517,7.3,88.697
576,2021-04-02,25.353,2.49,6.261,12.0,6.589,19.455,17.613,6.454,7.3,90.19
577,2021-04-05,24.977,2.66,6.094,12.1,6.515,19.285,17.466,6.904,7.18,90.102
578,2021-04-06,24.6,2.84,6.054,11.85,6.627,19.115,17.173,7.38,7.4,89.136
579,2021-04-07,24.851,3.03,6.174,12.0,7.082,19.285,17.319,7.38,7.91,87.907
580,2021-04-08,24.6,3.24,6.174,12.0,7.138,19.242,18.274,7.335,8.15,87.731
581,2021-04-09,24.307,3.46,6.125,12.25,7.008,19.285,18.42,7.623,7.93,87.643
582,2021-04-12,24.307,3.7,6.395,13.1,7.231,19.115,18.126,7.766,8.0,87.819
583,2021-04-13,23.804,3.74,6.165,13.05,7.017,18.903,17.319,7.326,7.81,87.819
584,2021-04-14,24.056,4.0,6.189,12.95,7.073,18.903,17.319,7.326,7.92,87.204
585,2021-04-15,23.512,4.28,6.15,12.65,6.961,18.69,17.394,7.074,7.6,87.028
586,2021-04-16,23.846,3.99,5.888,12.2,6.692,18.69,16.879,6.922,7.29,85.096
587,2021-04-19,24.265,3.72,5.801,12.3,6.627,18.35,17.173,7.398,7.65,84.394
588,2021-04-20,24.516,3.46,5.699,12.0,6.534,17.968,17.173,7.641,7.36,87.204
589,2021-04-22,23.512,3.22,5.382,11.3,6.218,16.737,15.485,7.632,6.85,86.062
590,2021-04-23,23.512,3.0,5.516,11.6,6.413,17.331,16.438,7.641,6.87,87.38
591,2021-04-26,22.508,3.21,5.382,11.5,6.06,17.458,15.632,8.0,6.58,84.306
592,2021-04-27,22.006,3.43,5.382,11.45,6.088,17.204,15.558,8.558,7.04,84.043
593,2021-04-28,22.466,3.19,5.382,11.5,6.153,17.374,15.632,9.124,7.53,82.286
594,2021-04-29,22.466,3.22,5.406,11.5,6.115,16.991,15.632,9.618,7.65,82.111
595,2021-05-04,22.257,3.01,5.287,11.2,5.762,16.778,15.191,9.978,7.29,80.442
596,2021-05-05,23.428,3.1,5.374,11.2,5.93,16.948,15.705,10.427,7.2,80.793
597,2021-05-06,23.93,3.15,5.382,11.1,5.874,16.864,15.411,10.337,7.08,78.686
598,2021-05-07,23.846,2.97,5.287,10.7,5.651,16.439,15.117,10.158,6.95,76.402
599,2021-05-10,23.804,2.86,5.287,10.65,5.576,16.184,14.825,10.607,6.93,81.671
600,2021-05-11,24.14,2.98,5.58,10.75,5.809,17.118,14.897,11.326,6.95,80.091
601,2021-05-12,24.223,3.05,5.699,11.5,5.967,18.223,15.485,12.045,7.19,80.618
602,2021-05-13,23.596,2.96,5.58,11.35,5.985,17.628,15.338,12.854,7.1,79.476
603,2021-05-14,23.22,2.86,5.587,11.0,5.883,17.161,15.265,12.764,7.04,78.598
604,2021-05-17,22.508,2.98,5.58,10.7,5.734,16.651,14.825,12.54,6.9,76.578
605,2021-05-18,22.55,3.08,5.485,10.65,5.716,16.907,14.751,12.809,6.85,76.402
606,2021-05-19,22.592,2.97,5.445,10.7,5.669,16.694,14.384,12.854,6.8,76.841
607,2021-05-20,22.34,2.9,5.302,10.6,5.483,16.397,14.384,13.573,6.53,77.281
608,2021-05-21,23.052,2.92,5.311,10.55,5.855,16.907,14.677,13.573,6.78,78.334
609,2021-05-24,23.428,2.91,5.398,10.6,6.05,16.948,14.897,14.113,6.81,80.091
610,2021-05-25,23.428,2.93,5.422,10.6,5.948,16.737,14.825,14.293,6.8,79.476
611,2021-05-26,23.178,2.89,5.485,11.0,5.781,16.439,14.604,13.933,6.74,79.915
612,2021-05-27,22.592,2.79,5.422,10.7,5.623,16.227,14.238,14.472,6.6,79.476
613,2021-05-28,24.14,2.84,5.461,10.6,5.679,16.737,14.384,14.922,6.57,80.003
614,2021-05-31,25.479,2.7,5.271,10.5,5.679,16.907,14.09,15.731,6.28,79.476
615,2021-06-01,25.687,2.65,5.271,10.5,5.744,16.651,15.485,15.326,6.08,78.949
616,2021-06-02,26.566,2.75,5.382,10.95,5.911,16.907,16.659,15.461,6.5,78.51
617,2021-06-03,27.026,2.94,5.556,11.2,6.069,18.01,16.291,14.877,6.7,79.213
618,2021-06-04,26.733,3.14,5.485,11.05,6.041,17.756,16.732,14.652,6.57,78.598
619,2021-06-07,26.817,3.2,5.469,10.6,6.115,17.756,17.319,14.832,6.4,79.488
620,2021-06-08,25.771,3.18,5.302,10.6,5.948,18.01,16.071,14.472,6.37,79.754
621,2021-06-09,26.315,3.17,5.319,10.55,6.023,17.841,16.659,13.933,6.43,79.221
622,2021-06-10,26.231,3.11,5.311,10.4,6.441,18.436,16.365,12.989,6.55,81.977
623,2021-06-11,25.817,3.15,5.366,10.35,6.459,18.096,17.613,13.124,6.86,81.799
624,2021-06-14,25.771,3.07,5.342,10.75,6.339,18.096,18.274,12.405,6.73,82.244
625,2021-06-15,25.771,3.12,5.382,10.8,6.366,17.416,18.2,11.551,6.67,82.6
626,2021-06-16,27.566,3.33,5.413,11.05,6.487,17.926,17.906,12.315,7.12,81.622
627,2021-06-17,28.164,3.56,5.509,11.0,6.636,19.157,18.788,12.315,7.1,80.91
628,2021-06-18,27.98,3.61,5.888,11.0,6.599,19.37,19.081,11.461,7.21,81.888
629,2021-06-21,28.624,3.86,5.936,11.75,6.543,18.945,18.347,10.697,7.37,80.555
630,2021-06-22,28.348,3.78,5.722,11.45,6.404,18.86,17.76,10.697,7.23,80.555
631,2021-06-23,27.703,3.55,5.564,11.1,6.264,18.35,17.025,10.427,7.05,80.021
632,2021-06-24,27.75,3.52,5.509,11.05,6.227,18.18,17.173,10.697,7.22,78.865
633,2021-06-25,29.13,3.58,5.58,11.05,6.227,17.756,16.953,10.427,7.72,79.754
634,2021-06-28,29.544,3.67,5.58,10.85,6.264,18.266,17.613,10.652,8.26,79.31
635,2021-06-29,29.268,3.59,5.509,10.9,6.348,18.266,17.099,10.337,7.9,80.91
636,2021-06-30,29.039,3.41,5.5,10.8,6.208,17.841,16.806,10.068,7.78,80.377
637,2021-07-01,29.177,3.52,5.509,10.8,6.208,18.138,17.025,10.742,7.91,80.821
638,2021-07-02,27.842,3.44,5.587,10.65,6.143,17.841,17.394,10.877,7.67,80.11
639,2021-07-05,26.554,3.27,5.437,10.4,5.883,17.416,16.659,10.247,7.37,79.31
640,2021-07-06,25.311,3.05,5.263,10.3,5.762,16.311,15.045,9.888,7.1,77.354
641,2021-07-07,25.495,3.04,5.105,9.99,5.66,16.481,15.045,9.304,7.0,79.843
642,2021-07-08,25.587,3.15,5.145,9.99,5.651,16.397,15.117,9.304,7.07,78.599
643,2021-07-09,25.449,3.01,4.907,9.3,5.4,15.377,14.751,9.438,7.0,77.354
644,2021-07-12,23.977,2.8,4.567,8.65,5.028,14.315,13.944,8.782,6.51,76.731
645,2021-07-13,24.206,2.99,4.828,8.7,5.205,15.292,14.164,8.989,6.96,74.953
646,2021-07-14,23.516,2.99,4.749,8.71,5.205,14.867,13.944,8.809,6.7,75.576
647,2021-07-15,24.482,3.0,4.788,8.96,5.298,15.887,14.384,8.827,6.91,75.753
648,2021-07-16,24.804,3.0,4.764,8.86,5.344,16.142,14.825,8.719,6.84,76.376
649,2021-07-19,23.378,2.79,4.456,8.24,5.047,15.292,13.87,8.117,6.48,75.576
650,2021-07-20,23.839,2.89,4.59,8.1,5.205,15.717,15.045,8.09,6.93,76.376
651,2021-07-21,23.47,2.85,4.59,8.12,5.223,15.632,14.751,8.144,7.15,75.842
652,2021-07-22,24.022,2.9,4.693,8.44,5.409,15.675,15.632,8.701,7.22,77.176
653,2021-07-23,23.7,2.88,4.67,8.25,5.344,15.419,15.485,8.54,7.04,77.887
654,2021-07-26,24.482,2.87,4.677,8.08,5.325,15.717,15.924,8.315,7.04,79.043
655,2021-07-27,24.989,2.89,4.693,8.13,5.344,15.547,15.558,8.45,7.52,77.798
656,2021-07-28,25.311,2.88,4.749,7.9,5.335,15.505,15.265,8.45,7.26,77.265
657,2021-07-29,25.357,2.9,4.717,7.74,5.335,15.589,15.411,8.486,7.2,77.176
658,2021-07-30,25.265,2.91,4.717,7.75,5.391,15.759,15.558,8.593,7.13,76.554
659,2021-08-02,24.851,3.0,4.709,7.45,5.437,16.057,16.217,9.169,7.16,76.909
660,2021-08-03,24.62,3.06,4.725,7.12,5.4,16.142,16.585,9.798,7.2,77.443
661,2021-08-04,24.713,3.1,4.82,7.57,5.409,15.844,16.438,10.472,7.22,77.443
662,2021-08-05,24.942,3.31,4.938,7.77,5.576,15.844,17.173,10.113,7.24,76.998
663,2021-08-06,25.541,3.24,4.899,7.64,5.549,16.227,16.659,10.068,7.37,77.532
664,2021-08-09,26.231,3.25,4.891,7.6,5.669,16.354,17.246,10.023,7.39,77.976
665,2021-08-10,26.323,3.22,4.954,7.8,5.679,16.397,17.246,9.978,7.65,79.488
666,2021-08-11,25.817,3.16,5.01,7.67,5.697,17.543,16.953,9.843,7.4,80.821
667,2021-08-12,25.817,3.23,5.025,7.62,5.967,17.246,17.76,9.528,7.4,80.466
668,2021-08-13,26.691,3.24,4.971,7.44,6.023,17.076,18.714,9.438,7.35,79.932
669,2021-08-16,27.243,3.19,5.025,7.41,6.06,18.096,20.548,10.068,7.54,79.577
670,2021-08-17,26.967,3.3,5.018,7.4,6.05,18.223,20.768,10.337,7.47,79.399
671,2021-08-18,27.336,3.24,4.987,7.48,6.097,18.01,21.062,10.337,7.35,80.021
672,2021-08-19,27.75,3.21,4.971,7.5,6.134,18.987,22.017,11.056,7.28,80.288
673,2021-08-20,26.921,3.03,4.899,7.2,5.883,18.436,20.108,11.056,6.94,78.065
674,2021-08-23,26.691,3.03,4.757,6.9,5.576,17.841,20.255,11.506,6.72,76.465
675,2021-08-24,26.278,2.95,4.741,6.82,5.576,17.416,20.988,10.742,6.91,76.731
676,2021-08-25,26.6,2.95,4.741,6.71,5.762,17.841,21.502,10.158,6.9,77.265
677,2021-08-26,26.921,2.96,4.749,6.98,5.772,18.35,22.897,10.203,6.83,77.354
678,2021-08-27,27.52,3.02,4.749,7.3,5.855,18.393,23.337,10.158,7.15,77.354
679,2021-08-30,29.084,3.11,4.915,7.21,6.264,19.2,22.823,10.832,7.39,77.709
680,2021-08-31,28.441,3.15,5.081,7.11,6.385,19.2,23.191,10.562,7.28,77.709
681,2021-09-01,29.268,3.14,5.224,7.08,6.524,19.285,23.557,10.517,7.29,78.332
682,2021-09-06,28.808,3.35,5.335,7.15,6.562,20.049,23.631,10.787,7.53,78.51
683,2021-09-07,28.302,3.16,5.112,6.98,6.227,18.817,22.017,10.382,7.28,78.058
684,2021-09-08,28.072,3.14,4.923,6.83,6.227,18.436,22.236,10.068,7.17,77.244
685,2021-09-09,28.302,3.18,4.978,6.89,6.552,18.987,22.971,10.203,7.25,77.063
686,2021-09-10,28.532,3.17,5.112,7.0,6.98,18.606,22.603,10.203,7.22,78.239
687,2021-09-13,28.164,3.26,5.121,7.1,6.989,17.756,22.457,9.843,7.22,78.872
688,2021-09-14,28.21,3.48,5.105,7.03,6.645,18.096,22.75,9.169,7.22,78.692
689,2021-09-15,28.946,3.45,5.342,7.05,6.785,18.18,22.971,9.798,7.02,77.877
690,2021-09-16,28.762,3.43,5.279,7.07,6.692,18.307,24.218,9.798,6.97,78.149
691,2021-09-17,29.775,3.4,5.279,7.56,6.701,18.35,23.778,9.528,7.18,78.239
692,2021-09-20,29.913,3.63,5.311,8.08,6.785,18.393,22.75,9.259,,80.229
693,2021-09-21,29.453,3.88,5.295,8.14,6.757,18.266,21.87,9.259,7.13,80.32
694,2021-09-22,29.544,4.15,5.659,8.25,7.221,19.242,21.723,9.843,7.62,82.762
695,2021-09-23,29.453,4.03,5.477,7.8,6.952,18.86,20.841,9.394,7.51,82.129
696,2021-09-24,28.717,4.13,5.5,7.7,6.859,18.52,20.694,9.259,7.33,82.038
697,2021-09-27,26.876,4.41,5.184,7.2,6.385,17.416,20.768,8.845,7.05,80.32
698,2021-09-28,27.382,4.3,5.215,7.2,6.515,17.841,21.135,8.854,7.07,80.772
699,2021-09-29,27.429,4.0,5.239,7.2,6.543,17.798,20.988,8.863,7.06,81.043
700,2021-09-30,27.334,4.1,5.248,7.22,6.534,17.883,21.543,8.926,7.24,81.043
701,2021-10-01,26.667,4.38,5.263,7.1,6.515,17.968,21.543,8.773,7.09,81.224
702,2021-10-04,28.191,4.58,5.5,7.22,6.617,17.756,22.098,8.71,7.14,81.586
703,2021-10-05,28.001,4.75,5.485,7.21,6.664,17.841,22.494,9.304,7.18,81.043
704,2021-10-06,27.81,5.08,5.596,7.45,6.831,17.841,24.712,9.304,7.3,80.772
705,2021-10-07,28.096,5.43,5.762,7.36,6.813,17.841,24.315,9.214,7.8,80.32
706,2021-10-08,27.905,5.79,5.635,7.45,6.682,18.096,24.712,9.214,7.59,81.043
707,2021-10-11,27.048,6.08,5.603,7.6,6.562,18.86,24.395,9.169,7.5,81.405
708,2021-10-12,27.239,5.94,5.564,7.49,6.673,18.52,24.315,9.528,7.59,81.767
709,2021-10-13,27.048,5.75,5.596,7.59,6.747,18.52,24.315,9.438,7.63,81.495
710,2021-10-14,27.143,6.15,5.667,7.74,6.84,18.52,24.871,9.438,8.1,81.405
711,2021-10-15,27.048,6.58,5.699,7.61,6.971,18.35,25.108,9.438,8.3,81.405
712,2021-10-18,26.858,6.8,5.683,7.54,6.915,17.883,24.871,9.753,8.1,81.224
713,2021-10-19,26.715,7.27,5.69,7.4,6.831,18.053,24.712,10.068,8.48,81.676
714,2021-10-20,26.762,7.76,5.936,7.45,6.878,17.883,24.078,9.843,9.05,81.405
715,2021-10-21,27.048,7.22,5.951,7.49,6.998,17.756,24.474,9.888,8.96,80.591
716,2021-10-22,27.382,6.72,6.054,7.49,6.971,17.883,24.631,9.933,9.15,81.857
717,2021-10-25,27.858,7.0,6.332,7.46,7.286,17.671,25.425,9.978,9.05,81.495
718,2021-10-26,29.001,7.08,6.292,7.4,7.575,18.18,25.583,10.023,9.19,81.043
719,2021-10-27,29.239,6.78,6.339,7.49,7.528,18.138,25.425,10.697,9.1,81.767
720,2021-10-28,29.048,7.25,6.696,7.63,7.602,18.775,25.82,10.697,9.16,81.948
721,2021-10-29,28.667,7.46,7.084,7.5,7.984,18.69,25.899,11.416,9.58,82.038
722,2021-11-01,28.334,7.26,7.265,7.86,8.541,19.03,25.742,12.045,9.85,81.405
723,2021-11-02,28.953,7.4,7.163,7.77,9.136,19.455,26.454,12.225,9.7,80.681
724,2021-11-03,28.334,6.89,6.743,7.57,9.573,19.157,24.948,11.686,9.03,79.777
725,2021-11-04,28.429,7.01,6.973,7.51,10.223,19.073,24.948,11.865,9.04,79.958
726,2021-11-05,30.382,7.03,7.187,7.88,10.92,19.752,26.454,12.135,9.3,80.681
727,2021-11-08,31.524,7.35,7.479,8.43,11.013,21.111,26.612,12.18,9.28,82.129
728,2021-11-09,31.286,7.52,7.361,8.57,11.013,21.239,26.296,12.989,9.2,81.224
729,2021-11-10,32.382,7.76,7.471,8.62,11.757,21.918,26.296,13.169,9.66,81.134
730,2021-11-11,33.048,8.25,7.993,8.88,12.547,21.748,25.742,13.169,10.3,81.043
731,2021-11-12,33.096,8.55,8.548,9.18,13.197,22.088,25.661,14.068,10.8,80.772
732,2021-11-15,32.429,8.4,9.141,9.6,14.08,22.173,26.058,13.843,10.85,80.501
733,2021-11-16,32.382,7.83,8.548,9.16,14.127,21.154,26.929,13.573,10.4,80.139
734,2021-11-17,32.572,8.05,9.141,9.05,15.103,21.408,26.296,13.663,10.55,80.32
735,2021-11-18,32.286,8.06,9.775,9.25,16.125,22.471,26.216,14.607,11.25,79.596
736,2021-11-19,30.953,8.0,9.537,8.99,17.24,21.961,24.948,14.787,10.8,77.877
737,2021-11-22,31.429,7.44,8.903,8.37,17.287,20.432,22.97,13.753,10.05,77.968
738,2021-11-23,33.62,6.92,8.706,8.27,18.495,21.239,23.841,14.023,10.75,78.058
739,2021-11-24,35.953,6.71,8.706,8.27,19.75,20.899,24.157,14.203,11.5,79.144
740,2021-11-25,35.715,7.17,9.3,8.35,21.097,21.281,24.553,15.191,11.6,79.144
741,2021-11-26,36.572,7.2,9.181,8.25,22.538,20.644,24.553,15.506,11.7,79.867
742,2021-11-29,37.858,7.12,9.458,8.7,23.514,20.305,24.157,16.315,11.75,79.144
743,2021-11-30,37.286,7.0,9.695,8.82,21.887,20.814,24.157,16.63,11.6,79.234
744,2021-12-01,37.144,7.16,9.497,8.89,20.4,21.069,25.583,16.72,11.35,79.144
745,2021-12-02,37.239,7.66,9.458,9.0,19.006,21.069,25.028,16.45,11.35,79.053
746,2021-12-03,35.667,7.2,8.825,8.6,17.705,20.092,24.474,15.326,11.1,77.606
747,2021-12-06,35.191,6.83,8.231,8.4,16.497,19.115,22.97,14.293,10.35,77.154
748,2021-12-07,35.81,7.09,8.785,8.77,15.382,19.922,23.841,13.304,11.05,78.239
749,2021-12-08,36.286,7.0,8.943,9.17,14.313,19.709,24.236,13.484,10.9,77.787
750,2021-12-09,36.382,7.23,9.102,9.81,13.337,20.007,24.395,13.259,11.15,78.692
751,2021-12-10,37.858,7.12,8.983,10.2,13.987,19.879,25.978,12.854,10.95,78.058
752,2021-12-13,37.667,7.48,9.577,10.9,14.963,19.922,25.82,12.674,11.7,78.149
753,2021-12-14,37.286,7.55,,11.2,15.986,20.305,26.374,12.585,11.55,78.058
754,2021-12-15,36.239,7.61,9.458,10.6,14.87,20.814,25.742,12.674,11.3,78.058
755,2021-12-16,36.429,8.14,10.091,11.15,14.777,20.729,26.216,12.45,12.05,78.33
756,2021-12-17,35.953,8.3,10.012,10.4,14.127,20.474,27.325,13.304,12.2,77.516
757,2021-12-20,34.429,8.4,9.893,10.7,14.127,20.177,27.325,13.304,12.0,77.516
758,2021-12-21,35.477,8.47,10.249,11.1,13.941,19.752,26.929,13.439,12.1,77.335
759,2021-12-22,34.525,9.06,10.927,11.0,13.709,20.347,26.849,13.259,12.9,77.244
760,2021-12-23,33.524,9.69,11.205,11.75,14.173,20.941,25.742,12.944,13.8,76.611
761,2021-12-24,34.001,9.4,10.695,12.55,13.476,20.984,26.772,12.854,13.6,77.787
762,2021-12-27,33.667,10.05,11.112,13.4,13.29,21.154,26.772,13.034,14.0,77.877
763,2021-12-28,34.763,10.5,11.112,12.95,13.662,21.069,26.138,13.484,13.85,77.335
764,2021-12-29,34.048,10.25,10.742,13.65,13.523,21.154,25.583,14.382,14.25,77.063
765,2021-12-30,34.286,9.75,10.695,13.0,14.452,22.386,25.82,14.113,13.7,77.154
766,2021-12-31,34.763,9.36,10.325,12.25,14.87,22.004,25.978,14.427,13.5,78.149
767,2022-01-04,35.239,9.43,10.464,12.45,14.685,22.301,26.296,14.023,14.0,78.42
768,2022-01-05,35.477,9.74,10.788,13.3,14.87,22.258,27.088,13.753,14.95,77.968
769,2022-01-06,35.286,10.2,11.529,13.2,14.592,22.088,27.088,14.697,15.45,77.244
770,2022-01-07,35.62,10.4,11.482,13.1,14.638,22.301,28.592,15.686,15.7,77.063
771,2022-01-10,34.096,10.2,11.621,13.5,14.777,22.81,26.929,16.764,15.7,76.969
772,2022-01-11,33.81,9.85,11.066,12.9,14.87,21.748,26.374,16.764,15.5,76.969
773,2022-01-12,34.286,9.17,10.325,12.0,13.848,21.664,25.425,17.079,15.0,76.417
774,2022-01-13,34.001,8.53,9.63,11.2,12.919,20.305,25.666,17.798,13.95,76.417
775,2022-01-14,34.239,8.11,10.001,10.7,12.547,20.474,26.067,18.742,14.1,77.889
776,2022-01-17,34.144,7.55,9.306,10.15,12.407,19.073,23.661,18.742,13.2,76.233
777,2022-01-18,34.286,7.03,8.667,10.3,11.571,17.756,23.661,18.338,13.6,76.693
778,2022-01-19,34.286,6.54,8.991,10.15,10.781,18.903,24.062,18.652,13.9,76.693
779,2022-01-20,35.239,6.99,9.584,10.3,11.525,19.2,24.703,18.652,14.3,76.325
780,2022-01-21,36.382,7.47,9.538,10.35,11.757,18.86,24.623,17.978,13.9,75.957
781,2022-01-24,34.763,6.95,8.871,9.63,10.967,17.543,22.297,16.72,12.95,74.486
782,2022-01-25,35.096,6.96,8.991,9.2,10.688,18.52,22.698,15.551,12.85,72.831
783,2022-01-26,34.905,6.6,8.519,9.5,10.502,18.69,22.457,15.281,12.2,73.291
784,2022-01-27,34.286,6.4,8.454,9.4,10.595,18.69,21.816,15.281,11.5,76.417
785,2022-01-28,34.048,6.66,8.797,8.99,11.013,18.69,22.457,14.832,12.0,76.417
786,2022-02-07,33.477,7.12,9.214,9.41,11.757,19.2,23.661,15.102,12.8,76.785
787,2022-02-08,34.048,6.91,9.167,9.45,12.547,19.54,24.703,15.416,12.95,75.406
788,2022-02-09,33.81,7.05,9.492,9.47,12.919,19.54,24.544,15.911,13.05,76.141
789,2022-02-10,34.334,7.09,9.492,9.8,13.151,19.54,25.024,15.731,12.9,76.049
790,2022-02-11,35.239,6.99,9.353,9.51,12.965,19.412,24.784,15.551,13.15,75.406
791,2022-02-14,35.239,6.8,9.103,8.9,13.802,19.073,24.703,15.236,12.75,74.578
792,2022-02-15,35.239,6.79,9.177,9.0,13.476,19.073,24.863,15.461,12.85,74.67
793,2022-02-16,36.81,7.24,9.445,9.14,13.755,19.54,25.426,15.821,13.6,73.934
794,2022-02-17,36.429,7.17,9.306,9.52,13.755,19.54,25.505,15.866,13.9,74.302
795,2022-02-18,36.62,7.22,9.445,9.75,14.359,19.455,26.468,15.911,13.8,74.118
796,2022-02-21,36.906,7.72,10.093,9.74,14.685,19.54,26.468,16.18,14.1,74.486
797,2022-02-22,37.81,7.44,10.51,9.5,14.313,19.37,25.825,16.36,13.7,73.567
798,2022-02-23,37.667,7.58,10.325,9.49,14.592,20.049,26.628,16.54,14.05,73.567
799,2022-02-24,36.572,7.05,9.816,9.07,14.08,19.327,27.27,16.45,15.0,72.279
800,2022-02-25,37.191,7.17,10.14,9.12,14.22,19.455,27.591,16.63,15.0,72.555
801,2022-02-28,36.572,7.21,10.093,8.91,14.313,19.2,28.073,17.753,15.15,72.095
802,2022-03-01,37.144,7.25,10.325,9.0,15.289,19.54,27.351,18.967,14.95,72.831
803,2022-03-02,36.667,7.3,10.047,9.2,16.265,19.54,27.351,19.776,15.75,72.187
804,2022-03-03,37.858,7.5,10.093,9.54,16.683,20.899,29.436,20.765,15.7,72.095
805,2022-03-04,37.144,7.5,10.325,10.1,16.311,20.899,28.633,20.405,15.7,71.635
806,2022-03-07,37.382,7.77,10.418,10.5,16.683,21.664,28.874,20.72,15.65,70.624
807,2022-03-08,35.667,7.53,10.464,10.0,17.473,20.857,27.109,20.315,15.2,69.98
808,2022-03-09,35.001,7.41,10.371,9.9,18.123,20.432,26.468,18.922,15.25,69.061
809,2022-03-10,34.858,7.47,10.371,9.92,19.378,20.729,26.708,18.922,15.55,70.9
810,2022-03-11,34.763,7.5,10.232,9.92,18.03,20.135,27.109,17.618,16.6,71.727
811,2022-03-14,35.429,7.2,9.584,9.5,18.495,19.54,26.468,16.63,16.85,70.992
812,2022-03-15,35.096,7.24,9.816,9.53,19.332,19.54,26.468,15.506,16.8,70.992
813,2022-03-16,35.382,7.35,9.816,9.71,20.679,19.54,27.27,15.686,17.0,71.084
814,2022-03-17,35.429,7.72,10.001,10.0,20.354,19.709,27.27,15.281,16.85,70.256
815,2022-03-18,35.191,7.93,9.955,9.88,20.493,19.54,26.949,15.146,17.0,69.888
816,2022-03-21,35.239,8.18,10.232,9.95,21.887,19.795,27.029,15.641,17.2,71.36
817,2022-03-22,35.667,7.9,10.232,10.35,21.98,19.879,27.029,15.821,16.95,70.716
818,2022-03-23,36.667,8.1,10.186,10.05,22.399,19.709,26.949,15.371,16.7,69.98
819,2022-03-24,37.191,8.34,10.325,10.1,22.306,19.837,27.351,14.967,16.85,69.52
820,2022-03-25,37.239,8.25,10.927,10.15,23.839,20.389,28.794,15.102,17.0,69.153
821,2022-03-28,36.334,7.72,10.371,10.8,25.466,20.389,30.638,16.15,16.1,67.497
822,2022-03-29,36.096,8.14,10.834,10.65,25.419,21.027,30.318,17.25,17.2,69.428
823,2022-03-30,35.763,7.59,10.371,10.4,25.466,20.432,32.083,17.45,17.05,70.072
824,2022-03-31,35.715,7.24,9.862,10.1,25.28,20.389,31.039,16.7,16.7,74.394
825,2022-04-01,35.525,7.31,10.186,10.1,26.441,20.644,31.2,17.0,16.85,75.13
826,2022-04-04,35.62,7.55,10.186,10.2,25.28,20.602,30.478,17.05,16.3,75.59
827,2022-04-05,37.144,7.54,10.093,10.35,26.999,20.389,30.719,17.0,16.1,73.934
828,2022-04-06,36.62,7.2,9.769,10.1,26.581,20.305,31.681,16.8,15.0,72.923
829,2022-04-07,35.715,7.2,9.584,10.15,24.722,19.455,31.281,17.95,14.85,72.187
830,2022-04-08,34.715,7.02,9.492,9.61,23.049,19.2,29.596,18.75,14.75,71.084
831,2022-04-12,33.905,6.53,8.982,9.2,24.629,18.69,29.757,18.0,14.0,70.624
832,2022-04-13,34.096,6.66,9.214,9.51,25.977,18.987,31.2,16.75,14.85,70.992
833,2022-04-14,34.144,6.68,9.177,9.32,26.163,18.987,31.681,16.0,14.3,70.164
834,2022-04-15,33.334,6.4,8.751,9.3,27.231,19.2,33.286,16.2,14.4,70.348
835,2022-04-18,31.143,5.96,8.14,8.65,28.858,18.817,33.687,15.1,13.4,70.808
836,2022-04-19,29.81,5.55,7.575,8.05,27.603,17.501,31.521,14.05,12.5,69.888
837,2022-04-20,28.096,5.17,7.177,7.49,26.72,16.311,30.478,13.1,11.8,69.52
838,2022-04-21,28.477,4.81,6.676,6.97,24.861,16.311,30.959,12.2,12.6,68.969
839,2022-04-22,29.191,4.55,6.899,7.14,23.142,16.524,27.912,12.25,12.35,69.796
840,2022-04-25,27.191,4.4,6.575,6.85,21.562,15.377,25.184,11.4,11.8,67.589
841,2022-04-26,27.62,4.7,6.991,7.22,21.376,15.717,25.825,11.4,12.45,69.796
842,2022-04-27,29.239,5.02,7.315,7.38,22.863,15.802,26.468,11.0,12.65,68.969
843,2022-04-28,29.524,5.1,7.278,7.29,23.189,15.547,26.067,11.75,12.45,68.325
844,2022-04-29,29.62,5.45,7.473,7.35,24.536,16.142,27.591,12.55,12.65,68.233
845,2022-05-04,27.572,5.36,7.454,7.16,24.629,16.567,27.591,11.7,12.5,66.67
846,2022-05-05,27.572,5.25,7.232,7.01,22.91,16.524,27.671,11.5,12.0,66.302
847,2022-05-06,26.477,4.89,6.945,6.95,23.142,15.717,25.906,10.7,11.4,64.555
848,2022-05-09,24.667,4.55,6.463,6.47,21.562,14.655,23.34,9.96,10.65,64.371
849,2022-05-10,23.715,4.86,6.575,6.55,22.259,14.017,24.703,9.94,9.91,64.922
850,2022-05-11,24.0,5.04,6.667,6.71,21.097,14.103,24.945,10.3,10.0,63.911
851,2022-05-12,22.334,4.7,6.204,6.25,19.657,13.126,22.457,9.58,9.4,61.152
852,2022-05-13,20.81,4.39,5.778,5.82,18.309,12.234,20.212,8.91,8.75,60.784
853,2022-05-16,20.0,4.49,5.843,5.85,17.054,12.488,19.81,8.98,8.76,60.508
854,2022-05-17,21.381,4.8,6.251,6.25,18.216,13.338,21.736,9.51,9.36,64.371
855,2022-05-18,21.762,4.99,6.473,6.3,18.542,13.72,22.056,9.5,9.33,64.647
856,2022-05-19,21.858,5.0,6.362,6.23,18.309,13.72,21.655,9.32,9.13,63.451
857,2022-05-20,22.667,5.06,6.371,6.16,18.03,13.72,21.895,9.4,9.18,62.624
858,2022-05-23,22.096,5.09,6.213,6.1,19.285,13.593,22.137,9.38,9.0,60.968
859,2022-05-24,22.143,5.1,6.158,6.1,20.633,13.253,22.859,9.35,9.2,63.359
860,2022-05-25,22.524,5.3,6.538,6.28,22.073,13.806,24.784,9.52,9.57,66.118
861,2022-05-26,24.096,5.51,6.491,6.32,21.98,14.74,24.784,10.15,9.71,65.566
862,2022-05-27,24.953,5.79,6.732,6.6,21.887,14.995,24.301,10.6,9.54,67.129
863,2022-05-30,24.953,5.68,6.778,6.6,22.259,15.037,24.141,10.6,9.67,66.67
864,2022-05-31,24.762,5.5,6.769,6.47,22.77,14.867,24.141,10.25,9.72,65.934
865,2022-06-01,23.762,5.31,6.825,6.37,24.35,14.909,25.265,10.35,9.4,66.118
866,2022-06-02,24.953,5.16,6.621,6.23,24.815,14.782,25.879,10.05,9.3,65.382
867,2022-06-03,24.334,5.18,6.621,6.06,25.001,14.655,25.439,9.88,9.1,64.647
868,2022-06-06,23.81,5.15,6.297,6.1,24.164,14.57,25.615,9.3,8.94,65.106
869,2022-06-07,23.143,4.79,6.149,6.23,25.094,15.505,28.159,9.24,8.8,64.922
870,2022-06-08,23.81,5.11,6.389,6.51,24.35,15.462,28.51,9.6,9.25,65.29
871,2022-06-09,23.715,5.08,6.463,6.53,24.722,15.377,28.949,9.5,9.15,64.555
872,2022-06-10,23.429,4.86,6.473,6.38,23.003,14.74,26.844,9.15,9.15,63.911
873,2022-06-13,21.81,4.52,6.028,5.94,21.423,13.72,24.299,8.51,8.51,61.06
874,2022-06-14,20.286,4.35,5.834,5.71,21.097,13.763,25.615,7.92,8.21,60.784
875,2022-06-15,19.477,4.05,5.445,5.32,21.562,13.466,25.615,7.37,7.64,59.313
876,2022-06-16,19.619,3.98,5.445,5.38,21.841,13.763,26.405,7.02,7.6,62.532
877,2022-06-17,18.905,3.71,5.065,5.01,22.259,13.423,28.159,6.53,7.07,61.336
878,2022-06-20,17.619,3.46,4.713,4.66,22.863,12.488,28.072,6.08,6.58,63.451
879,2022-06-21,16.429,3.32,4.584,4.98,21.283,12.616,26.317,5.66,6.68,67.773
880,2022-06-22,16.6,3.55,4.899,5.13,19.796,12.998,24.387,5.93,6.96,64.922
881,2022-06-23,17.75,3.67,4.954,5.09,21.004,13.38,26.493,6.12,7.19,65.014
882,2022-06-24,18.2,3.65,4.991,5.09,20.168,13.593,26.142,6.1,7.27,65.75
883,2022-06-27,19.45,3.82,5.26,5.39,20.493,13.763,26.844,6.22,7.33,65.382
884,2022-06-28,20.8,4.08,5.399,5.42,19.982,13.933,27.633,6.65,7.65,65.106
885,2022-06-29,20.8,4.03,5.371,5.3,20.447,14.867,27.194,6.79,7.45,66.486
886,2022-06-30,19.6,3.75,5.13,5.0,19.796,15.844,27.019,6.5,7.13,66.394
887,2022-07-01,20.95,3.75,5.186,5.2,19.424,15.037,26.931,6.4,7.28,67.773
888,2022-07-04,22.4,3.96,5.306,5.4,18.727,15.207,25.966,6.56,7.5,69.061
889,2022-07-05,22.7,3.78,5.213,5.3,17.426,14.612,24.124,6.25,7.46,67.221
890,2022-07-06,24.25,3.65,5.13,5.04,17.147,14.187,22.018,6.05,7.1,67.219
891,2022-07-07,24.5,3.64,5.112,5.08,16.265,14.612,22.808,6.0,7.59,69.406
892,2022-07-08,24.6,3.8,5.389,5.2,16.45,15.037,23.51,6.15,8.12,69.406
893,2022-07-11,26.3,3.77,5.5,5.24,16.543,14.825,22.457,6.58,8.4,69.406
894,2022-07-12,26.65,4.03,5.834,5.6,17.659,15.249,22.896,7.04,8.4,69.691
895,2022-07-13,27.7,4.03,5.788,5.99,18.123,15.037,22.896,7.1,8.48,68.931
896,2022-07-14,26.35,4.01,5.778,6.22,18.123,15.717,23.334,7.0,8.51,68.836
897,2022-07-15,26.9,4.06,5.825,6.36,17.752,15.589,23.51,7.01,8.52,68.075
898,2022-07-18,27.7,4.08,5.926,6.8,17.937,15.589,23.334,7.33,8.72,68.17
899,2022-07-19,27.45,4.36,5.815,7.01,18.263,15.207,23.423,7.3,8.63,69.216
900,2022-07-20,26.95,4.38,6.019,6.52,19.053,15.632,24.212,7.42,8.75,69.406
901,2022-07-21,25.45,4.34,5.871,6.46,18.356,15.419,23.86,7.15,8.51,69.596
902,2022-07-22,26.4,4.35,5.908,6.41,17.798,15.462,23.773,7.2,8.39,68.455
903,2022-07-25,27.5,4.13,5.788,6.84,17.984,15.165,23.159,7.1,8.3,69.311
904,2022-07-26,26.4,4.17,5.732,6.55,17.054,15.122,22.632,6.97,8.14,68.455
905,2022-07-27,26.4,4.19,5.778,6.65,17.426,15.037,22.896,6.91,8.2,68.645
906,2022-07-28,24.6,4.21,5.926,6.5,17.519,15.377,23.86,7.04,8.25,69.026
907,2022-07-29,23.8,4.26,5.843,6.49,17.519,15.292,23.948,7.04,8.14,69.216
908,2022-08-01,25.3,4.28,5.973,6.08,17.659,15.589,24.299,7.11,8.12,69.881
909,2022-08-02,25.7,4.45,6.195,6.49,17.937,16.099,24.562,7.6,8.54,69.786
910,2022-08-03,25.5,4.36,6.26,6.94,18.96,16.142,24.738,7.63,8.8,69.786
911,2022-08-04,26.65,4.4,6.232,6.86,18.402,16.014,24.387,7.47,8.68,69.691
912,2022-08-05,26.7,4.45,6.288,6.85,18.495,15.844,24.387,7.49,8.67,69.026
913,2022-08-08,26.8,4.6,6.278,6.69,19.703,15.759,25.353,7.72,8.77,68.645
914,2022-08-09,25.5,4.61,6.362,6.84,19.239,16.099,24.913,7.97,8.79,68.455
915,2022-08-10,24.95,4.61,6.352,6.96,19.192,15.929,24.651,7.81,9.1,68.931
916,2022-08-11,25.7,4.43,6.288,6.84,19.006,16.227,24.212,7.57,8.71,67.6
917,2022-08-12,26.75,4.41,6.297,6.88,19.239,16.227,24.387,7.55,8.74,68.36
918,2022-08-15,28.6,4.4,6.315,7.1,19.192,16.269,24.475,7.6,8.65,67.98
919,2022-08-16,28.15,4.4,6.278,7.3,19.285,16.142,25.176,7.61,8.62,68.265
920,2022-08-17,27.7,4.33,6.223,7.1,19.703,15.844,24.826,7.41,8.42,69.026
921,2022-08-18,28.2,4.16,6.158,6.91,19.424,15.802,24.212,7.45,8.23,69.786
922,2022-08-19,27.5,4.19,6.112,6.82,18.913,15.207,23.773,7.34,8.2,70.452
923,2022-08-22,27.85,4.05,5.954,6.97,18.17,15.122,23.51,7.28,8.06,70.072
924,2022-08-23,28.4,4.2,6.065,6.94,18.588,15.547,24.562,7.3,8.22,72.068
925,2022-08-24,28.4,4.23,6.102,7.2,18.913,15.249,24.387,7.81,8.33,73.875
926,2022-08-25,27.95,4.22,6.176,7.12,19.517,15.717,24.299,7.83,8.23,74.065
927,2022-08-26,28.3,4.12,6.186,6.94,19.332,15.419,23.685,7.68,8.11,73.114
928,2022-08-29,28.2,4.0,6.019,6.82,18.913,15.207,23.071,7.4,7.86,71.783
929,2022-08-30,28.8,4.05,6.0,6.7,18.681,15.717,23.159,7.4,7.87,72.258
930,2022-08-31,28.65,4.0,6.0,6.76,19.982,15.505,23.598,7.36,7.86,71.783
931,2022-09-05,27.6,4.0,5.945,6.71,20.168,15.335,23.773,7.4,7.86,73.684
932,2022-09-06,26.75,3.94,5.936,6.57,20.168,15.335,23.51,7.35,7.86,73.97
933,2022-09-07,25.3,3.74,5.602,6.2,19.517,14.909,22.457,6.86,7.32,71.973
934,2022-09-08,25.3,3.65,5.575,5.9,19.053,14.782,21.932,6.65,7.34,71.973
935,2022-09-09,26.0,3.6,5.537,6.03,19.796,15.037,22.369,6.67,7.4,72.163
936,2022-09-12,25.95,3.69,5.575,6.2,19.703,14.952,22.106,6.74,7.43,71.593
937,2022-09-13,27.5,3.67,5.575,6.15,20.633,14.782,22.106,6.89,7.35,71.973
938,2022-09-14,27.7,3.67,5.593,6.38,20.819,14.655,21.843,6.8,7.35,70.357
939,2022-09-15,27.1,3.67,5.602,6.3,20.633,14.612,21.843,6.77,7.34,70.832
940,2022-09-16,26.3,3.56,5.454,6.11,19.843,14.103,21.141,6.7,7.1,72.258
941,2022-09-19,25.8,3.32,5.278,6.16,19.796,14.103,19.563,6.26,6.96,71.498
942,2022-09-20,26.5,3.41,5.297,6.21,19.843,14.23,20.264,6.27,7.08,72.068
943,2022-09-21,26.1,3.4,5.287,6.15,19.332,14.273,20.089,6.26,7.09,73.114
944,2022-09-22,26.35,3.46,5.556,6.27,19.75,14.357,20.703,6.27,7.22,73.114
945,2022-09-23,26.6,3.51,5.556,6.4,18.8,14.527,20.352,6.37,7.28,72.924
946,2022-09-26,24.75,3.28,5.612,6.04,17.5,14.145,19.036,6.0,6.96,70.357
947,2022-09-27,23.1,3.18,6.0,6.01,16.6,13.89,19.211,6.0,6.98,68.836
948,2022-09-28,21.5,3.08,5.76,5.59,15.5,13.72,18.948,5.79,6.8,68.265
949,2022-09-29,20.55,3.06,5.463,5.45,14.45,13.72,17.544,5.7,6.72,69.121
950,2022-09-30,21.35,2.99,5.473,5.62,14.5,13.763,17.018,5.7,6.31,68.74
951,2022-10-03,19.9,2.79,5.158,5.26,13.5,12.828,15.351,5.31,5.87,67.504
952,2022-10-04,20.0,2.7,5.047,5.27,12.6,13.126,14.035,5.15,5.66,67.409
953,2022-10-05,20.95,2.86,5.195,5.55,13.45,13.508,15.351,5.36,5.84,68.075
954,2022-10-06,19.5,2.72,4.899,5.2,13.0,12.828,14.211,4.99,5.55,66.554
955,2022-10-07,18.15,2.53,4.556,4.84,12.1,12.616,13.246,4.65,5.18,66.364
956,2022-10-10,18.8,2.53,4.621,4.98,12.9,12.318,14.562,4.61,5.2,67.029
957,2022-10-11,17.5,2.36,4.306,4.64,12.85,11.469,13.753,4.29,4.85,66.744
958,2022-10-12,17.25,2.42,4.473,4.71,13.5,11.596,14.472,4.39,5.07,68.075
959,2022-10-13,17.7,2.42,4.436,4.67,13.25,11.894,14.382,4.38,5.09,70.167
960,2022-10-14,18.45,2.46,4.445,4.79,13.55,11.851,14.742,4.49,5.12,70.357
961,2022-10-17,19.1,2.41,4.454,4.68,13.6,11.596,14.742,4.47,4.95,70.452
962,2022-10-18,18.7,2.47,4.556,4.81,13.85,12.148,15.191,4.5,5.04,72.734
963,2022-10-19,19.0,2.43,4.5,4.79,13.3,12.148,14.922,4.48,5.03,72.829
964,2022-10-20,18.3,2.4,4.454,4.7,13.3,12.106,15.371,4.35,5.0,73.684
965,2022-10-21,17.05,2.24,4.148,4.38,12.4,11.936,14.113,4.05,4.65,73.209
966,2022-10-24,15.9,2.09,3.861,4.08,11.55,11.469,13.753,3.77,4.33,70.357
967,2022-10-25,15.6,2.06,3.611,4.09,11.1,10.746,14.113,3.6,4.05,72.258
968,2022-10-26,14.6,2.01,3.463,4.09,10.5,10.875,13.483,3.54,4.12,72.258
969,2022-10-27,15.6,2.11,3.695,4.33,11.2,11.469,14.562,3.72,4.4,74.635
970,2022-10-28,15.5,2.1,3.685,4.2,11.35,11.469,14.113,3.75,4.55,74.16
971,2022-10-31,14.75,2.04,3.732,4.1,12.1,11.384,14.203,3.75,4.25,74.635
972,2022-11-01,15.75,2.04,3.778,4.11,12.1,11.384,14.832,3.78,4.36,76.251
973,2022-11-02,15.9,2.05,3.76,4.16,11.75,11.426,14.652,3.72,4.4,74.445
974,2022-11-03,16.0,2.06,3.667,4.2,11.35,11.342,14.652,3.68,4.58,76.061
975,2022-11-04,15.05,1.97,3.435,4.21,11.1,11.002,13.753,3.49,4.36,76.061
976,2022-11-07,14.0,1.85,3.204,3.92,10.35,10.237,12.404,3.25,4.06,78.153
977,2022-11-08,13.65,1.82,3.26,4.1,10.0,10.237,12.764,3.28,4.04,78.343
978,2022-11-09,14.0,1.88,3.334,4.2,10.15,10.322,12.495,3.29,4.1,76.917
979,2022-11-10,13.05,1.75,3.102,4.0,9.44,10.025,11.326,3.06,3.82,74.54
980,2022-11-11,12.15,1.66,2.889,3.99,8.78,9.982,10.428,3.1,3.57,74.54
981,2022-11-14,11.3,1.55,2.695,4.0,8.17,9.685,9.528,3.1,3.33,75.111
982,2022-11-15,10.55,1.45,2.509,3.72,7.6,9.047,8.629,2.89,3.1,73.209
983,2022-11-16,11.25,1.55,2.676,3.98,8.13,9.303,9.438,3.06,3.31,70.832
984,2022-11-17,11.3,1.65,2.861,4.21,7.88,9.43,10.337,3.14,3.54,72.258
985,2022-11-18,12.05,1.76,2.963,4.23,8.43,9.643,10.967,3.17,3.78,73.209
986,2022-11-21,12.45,1.88,3.167,4.32,8.61,9.773,11.146,3.25,4.04,74.065
987,2022-11-22,12.35,2.01,3.38,4.2,8.35,10.0,10.967,3.47,4.32,75.586
988,2022-11-23,11.5,1.87,3.241,4.1,7.85,9.818,10.967,3.3,4.02,75.491
989,2022-11-24,12.0,1.88,3.241,4.2,7.81,10.0,11.237,3.3,4.15,77.202
990,2022-11-25,12.6,2.0,3.408,4.27,8.35,10.546,12.045,3.46,4.35,78.153
991,2022-11-28,13.45,2.14,3.639,4.47,8.93,11.091,12.764,3.7,4.59,77.678
992,2022-11-29,14.35,2.28,3.676,4.61,9.33,11.364,12.585,3.8,4.59,78.914
993,2022-11-30,14.6,2.37,3.741,4.55,9.55,11.818,12.944,3.9,4.46,78.723
994,2022-12-01,14.5,2.53,3.787,4.51,9.9,12.273,12.944,3.95,4.51,78.343
995,2022-12-02,15.25,2.7,3.871,4.58,10.2,12.636,13.213,4.0,4.59,79.864
996,2022-12-05,15.35,2.88,3.917,4.7,10.35,12.546,13.483,4.09,4.91,80.815
997,2022-12-06,16.0,2.68,3.732,5.02,11.05,11.818,13.034,4.37,5.1,78.438
998,2022-12-07,,2.5,3.482,4.7,,11.909,12.944,,4.75,78.438
999,2022-12-08,15.1,2.58,3.667,4.72,10.35,11.955,13.394,3.99,4.74,77.012
1000,2022-12-09,15.7,2.5,3.658,4.72,10.7,12.136,14.113,3.99,4.7,76.061
1001,2022-12-12,16.2,2.35,3.593,4.66,11.4,12.182,13.483,3.91,4.7,74.635
1002,2022-12-13,16.4,2.36,3.611,4.62,11.95,12.318,13.663,3.88,4.69,74.16
1003,2022-12-14,16.0,2.52,3.861,4.76,11.65,12.409,13.663,4.0,4.71,73.684
1004,2022-12-15,15.7,2.56,3.852,4.8,11.25,12.273,13.394,3.95,4.69,73.779
1005,2022-12-16,16.0,2.5,3.834,4.88,11.5,12.273,13.573,4.0,4.65,74.16
1006,2022-12-19,16.15,2.5,3.704,4.6,12.05,12.273,13.483,3.92,4.57,73.209
1007,2022-12-20,15.4,2.35,3.482,4.28,11.25,12.364,12.854,3.65,4.26,74.825
1008,2022-12-21,14.9,2.2,3.445,4.44,10.6,13.227,12.404,3.4,4.25,75.776
1009,2022-12-22,14.2,2.25,3.5,4.42,10.7,13.591,12.404,3.4,4.33,74.521
1010,2022-12-23,14.15,2.2,3.51,4.28,10.8,13.409,12.404,3.38,4.32,73.746
1011,2022-12-26,13.2,2.05,3.269,4.0,10.05,12.5,11.595,3.15,4.02,73.553
1012,2022-12-27,14.1,2.16,3.417,4.23,10.75,12.591,12.225,3.25,4.26,74.133
1013,2022-12-28,14.7,2.15,3.398,4.23,11.25,13.0,12.315,3.35,4.16,74.521
1014,2022-12-29,14.4,2.22,3.408,4.17,11.0,13.182,12.045,3.35,4.06,74.521
1015,2022-12-30,14.1,2.18,3.334,4.16,10.9,13.182,11.955,3.16,4.08,73.65
1016,2023-01-03,15.05,2.3,3.491,4.37,11.65,13.455,12.944,3.38,4.22,75.972
1017,2023-01-04,15.15,2.24,3.482,4.32,12.15,12.727,12.674,3.42,4.15,76.747
1018,2023-01-05,15.9,2.21,3.473,4.33,12.9,12.864,13.213,3.51,4.36,78.585
1019,2023-01-06,15.8,2.17,3.445,4.34,12.75,12.455,12.944,3.41,4.3,77.23
1020,2023-01-09,15.1,2.19,3.417,4.3,12.1,12.318,13.129,3.38,4.2,78.101
1021,2023-01-10,15.9,2.15,3.408,4.41,12.35,12.5,13.037,3.38,4.16,78.392
1022,2023-01-11,15.8,2.17,3.445,4.38,12.4,12.636,13.222,3.38,4.25,76.843
1023,2023-01-12,16.0,2.16,3.408,4.38,13.15,12.5,13.684,3.37,4.23,77.424
1024,2023-01-13,15.55,2.15,3.398,4.35,12.65,12.5,13.407,3.37,4.14,78.005
1025,2023-01-16,15.5,2.11,3.343,4.31,12.75,12.273,13.314,3.32,4.09,76.843
1026,2023-01-17,15.7,2.13,3.473,4.38,13.1,12.409,13.499,3.4,4.23,78.295
1027,2023-01-18,16.75,2.2,3.63,4.63,13.45,12.773,14.054,3.5,4.27,78.682
1028,2023-01-19,16.85,2.22,3.63,4.63,13.35,13.091,14.609,3.57,4.56,78.682
1029,2023-01-27,17.1,2.27,3.723,4.67,13.2,13.091,14.516,3.72,4.72,77.424
1030,2023-01-30,16.7,2.42,3.982,4.64,13.1,13.227,14.331,3.88,4.72,76.843
1031,2023-01-31,16.8,2.44,3.973,4.6,13.5,13.409,14.701,3.76,4.72,74.617
1032,2023-02-01,15.65,2.35,3.797,4.43,12.6,14.318,14.609,3.6,4.57,74.714
1033,2023-02-02,14.8,2.29,3.797,4.33,12.0,14.318,14.146,3.4,4.48,74.23
1034,2023-02-03,14.9,2.24,3.787,4.31,11.75,14.637,13.869,3.47,4.46,73.553
1035,2023-02-06,14.9,2.25,3.936,4.42,12.1,14.182,13.777,3.52,4.43,74.908
1036,2023-02-07,14.0,2.25,3.797,4.34,12.2,13.227,13.869,3.5,4.43,73.65
1037,2023-02-08,14.35,2.27,3.824,4.31,12.05,13.227,14.054,3.74,4.49,73.359
1038,2023-02-09,14.35,2.24,3.824,4.29,12.85,13.227,15.071,4.0,4.8,72.585
1039,2023-02-10,14.0,2.21,3.973,4.2,12.5,13.318,14.609,3.72,4.62,73.456
1040,2023-02-13,13.6,2.07,3.787,4.01,11.65,12.727,14.794,3.46,4.32,72.875
1041,2023-02-14,13.65,2.08,3.769,4.08,11.7,12.909,14.979,3.49,4.3,72.295
1042,2023-02-15,14.1,2.15,3.834,4.16,12.0,13.182,15.256,3.6,4.35,73.553
1043,2023-02-16,14.45,2.15,3.871,4.28,12.4,13.409,16.735,3.64,4.39,74.037
1044,2023-02-17,14.3,2.15,3.991,4.27,12.15,13.455,16.273,3.6,4.38,73.553
1045,2023-02-20,14.95,2.3,4.269,4.32,12.65,13.818,17.198,3.85,4.57,75.005
1046,2023-02-21,14.65,2.36,4.167,4.36,12.8,13.637,17.198,3.85,4.54,74.714
1047,2023-02-22,14.0,2.31,4.0,4.3,12.1,13.182,16.181,3.8,4.4,73.069
1048,2023-02-23,13.95,2.26,3.945,4.24,12.15,13.136,17.382,3.78,4.45,73.262
1049,2023-02-24,13.6,2.31,3.88,4.18,11.7,13.273,17.013,3.6,4.33,72.295
1050,2023-02-27,13.2,2.25,3.741,4.13,10.95,12.727,15.626,3.64,4.16,72.779
1051,2023-02-28,13.1,2.19,3.741,4.14,10.95,13.273,16.365,3.73,4.2,73.069
1052,2023-03-01,13.65,2.18,3.843,4.36,11.6,13.455,16.643,3.78,4.28,74.424
1053,2023-03-02,13.5,2.18,3.824,4.28,11.4,13.818,16.55,3.69,4.24,74.037
1054,2023-03-03,13.35,2.15,3.75,4.2,11.2,13.182,15.903,3.63,4.2,73.553
1055,2023-03-06,13.35,2.23,3.824,4.24,11.3,13.273,15.718,3.75,4.25,72.585
1056,2023-03-07,13.3,2.17,3.797,4.26,11.35,13.273,16.181,3.68,4.21,73.359
1057,2023-03-08,13.5,2.2,3.889,4.26,11.8,13.546,16.92,3.7,4.21,74.037
1058,2023-03-09,14.25,2.21,3.88,4.35,11.6,13.682,16.643,3.8,4.3,74.037
1059,2023-03-10,14.15,2.16,3.843,4.28,11.75,13.364,16.92,3.79,4.25,74.424
1060,2023-03-13,13.7,2.15,,4.34,11.55,,,3.73,4.14,
1061,2023-03-14,13.3,2.09,3.685,4.3,11.05,12.773,16.458,3.58,4.07,74.133
1062,2023-03-15,13.85,2.14,3.824,4.38,11.6,13.273,17.105,3.67,4.13,74.617
1063,2023-03-16,13.4,2.08,3.741,4.31,11.2,13.046,16.643,3.59,4.06,73.94
1064,2023-03-17,13.35,2.08,3.787,4.5,11.2,13.273,16.458,3.57,4.05,72.101
1065,2023-03-20,13.3,2.08,3.769,4.32,11.1,12.773,15.441,3.46,3.99,71.908
1066,2023-03-21,13.65,2.09,3.769,4.32,11.4,13.136,15.996,3.52,4.05,72.004
1067,2023-03-22,13.6,2.09,3.769,4.32,11.25,13.046,15.718,3.52,4.06,72.004
1068,2023-03-23,13.6,2.09,3.769,4.39,11.4,13.136,15.903,3.43,4.0,72.875
1069,2023-03-24,13.7,2.1,3.778,4.34,11.5,13.136,15.903,3.44,4.0,72.585
1070,2023-03-27,13.8,2.11,3.787,4.36,11.55,13.136,16.088,3.46,4.12,72.198
1071,2023-03-28,13.8,2.15,3.871,4.38,11.45,13.0,15.996,3.46,4.08,72.004
1072,2023-03-29,13.9,2.11,3.861,4.36,11.3,13.091,15.811,3.48,4.03,72.488
1073,2023-03-30,13.9,2.12,3.889,4.37,11.15,12.864,15.903,3.47,4.0,72.585
1074,2023-03-31,13.8,2.09,3.834,4.37,11.15,13.091,15.811,3.43,4.01,72.004
1075,2023-04-03,13.9,2.16,3.982,4.41,11.6,13.318,16.55,3.49,4.07,72.004
1076,2023-04-04,14.5,2.28,4.047,4.58,11.95,13.727,16.828,3.52,4.18,71.811
1077,2023-04-05,14.6,2.28,4.056,4.56,11.9,13.773,16.643,3.68,4.47,72.101
1078,2023-04-06,14.25,2.39,4.093,4.5,11.6,13.727,16.458,3.62,4.29,71.908
1079,2023-04-07,14.25,2.38,4.111,4.41,11.55,14.046,16.273,3.55,4.22,72.295
1080,2023-04-10,14.9,2.45,4.093,4.42,11.75,14.546,15.903,3.56,4.45,72.004
1081,2023-04-11,15.05,2.5,4.093,4.48,12.25,14.546,16.365,3.61,4.4,72.004
1082,2023-04-12,15.2,2.5,4.074,4.4,12.0,14.364,16.735,3.6,4.34,71.908
1083,2023-04-13,14.9,2.35,4.065,4.38,11.9,14.0,16.643,3.54,4.55,71.133
1084,2023-04-14,14.7,2.27,3.898,4.32,11.75,13.727,16.088,3.52,4.45,70.456
1085,2023-04-17,15.7,2.28,3.908,4.4,11.8,13.909,16.181,3.48,4.4,69.391
1086,2023-04-18,15.6,2.38,3.954,4.35,12.3,14.409,16.181,3.44,4.44,70.649
1087,2023-04-19,15.7,2.3,3.889,4.25,11.85,14.0,16.273,3.48,4.4,69.682
1088,2023-04-20,15.85,2.28,3.852,4.3,11.9,13.909,17.105,3.58,4.39,69.585
1089,2023-04-21,15.75,2.23,3.852,4.25,11.5,14.864,16.828,3.52,4.4,68.617
1090,2023-04-24,15.0,2.25,3.889,4.23,11.2,15.273,16.55,3.44,4.36,68.23
1091,2023-04-25,15.3,2.26,3.861,4.23,11.2,15.864,17.29,3.45,4.34,67.649
1092,2023-04-26,15.5,2.32,3.871,4.24,11.35,15.637,18.492,3.46,4.32,68.714
1093,2023-04-27,15.45,2.26,3.945,4.0,11.3,15.409,18.122,3.46,4.32,67.262
1094,2023-04-28,14.65,2.25,4.047,3.72,11.35,15.455,18.215,3.7,4.35,67.746
1095,2023-05-04,14.8,2.24,4.102,3.5,11.35,14.5,18.122,3.63,4.37,66.391
1096,2023-05-05,14.8,2.24,4.093,3.53,11.5,15.046,17.567,3.55,4.36,66.585
1097,2023-05-08,15.1,2.33,4.186,3.54,11.5,15.091,17.752,3.64,4.66,68.133
1098,2023-05-09,15.2,2.31,4.139,3.49,11.45,14.864,18.03,3.89,4.6,68.423
1099,2023-05-10,15.3,2.47,4.213,3.65,11.7,14.909,18.122,4.16,4.71,68.23
1100,2023-05-11,15.5,2.57,4.25,3.67,11.65,14.955,17.937,4.19,4.73,67.746
1101,2023-05-12,16.05,2.49,4.241,3.69,11.8,14.909,18.03,4.19,4.83,67.359
1102,2023-05-15,15.7,2.66,4.25,3.66,11.55,14.818,18.307,4.1,4.67,66.778
1103,2023-05-16,16.75,2.68,4.167,3.91,11.5,14.727,18.03,4.02,4.68,67.456
1104,2023-05-17,17.05,2.74,4.454,3.93,11.65,14.909,17.567,4.19,4.81,66.778
1105,2023-05-18,17.25,2.65,4.426,3.82,11.5,14.682,17.567,4.2,4.8,66.972
1106,2023-05-19,18.1,2.51,4.278,3.74,11.45,14.637,17.752,4.19,4.68,66.391
1107,2023-05-22,18.25,2.57,4.371,3.73,11.75,14.773,17.937,4.31,4.81,66.004
1108,2023-05-23,19.2,2.56,4.334,3.75,11.55,14.909,18.4,4.28,4.76,64.843
1109,2023-05-24,19.2,2.62,4.399,3.74,11.5,14.727,18.03,4.28,4.71,64.165
1110,2023-05-25,18.85,2.6,4.361,3.69,11.4,14.637,17.845,4.26,4.68,64.939
1111,2023-05-26,19.3,2.67,4.491,3.81,11.5,14.364,17.845,4.55,4.82,64.939
1112,2023-05-29,19.1,2.84,4.676,3.88,12.3,14.637,18.122,4.86,4.91,64.939
1113,2023-05-30,19.0,2.76,4.565,3.85,12.25,14.955,18.215,4.78,4.84,64.359
1114,2023-05-31,20.0,2.83,4.63,3.95,12.35,15.046,18.584,4.78,4.93,63.972
1115,2023-06-01,19.6,3.02,4.741,4.03,12.55,15.046,18.4,5.09,5.27,63.972
1116,2023-06-02,19.8,3.0,4.649,3.95,12.55,14.864,18.4,4.99,5.27,63.778
1117,2023-06-05,19.15,2.92,4.649,3.91,12.6,15.137,18.954,4.99,5.26,64.359
1118,2023-06-06,19.45,3.12,4.723,3.93,12.75,15.182,18.862,5.02,5.39,64.262
1119,2023-06-07,19.65,3.33,4.834,4.0,12.75,15.273,18.862,5.06,5.46,64.068
1120,2023-06-08,19.65,3.33,4.926,4.04,12.8,14.909,18.307,4.8,5.63,63.391
1121,2023-06-09,19.3,3.29,4.899,3.97,12.85,15.546,18.492,4.88,5.6,63.681
1122,2023-06-12,19.0,3.3,5.0,4.02,13.3,15.409,18.769,5.05,5.66,65.714
1123,2023-06-13,19.15,3.36,4.982,4.04,13.0,15.318,18.4,5.36,5.92,65.423
1124,2023-06-14,19.0,3.13,4.88,3.97,12.55,15.364,18.6,5.25,5.65,64.939
1125,2023-06-15,20.3,3.05,4.797,3.95,12.6,15.364,18.7,4.89,5.55,64.165
1126,2023-06-16,20.25,3.0,4.778,3.9,12.45,15.0,18.6,4.82,5.49,63.972
1127,2023-06-19,20.85,2.87,4.723,3.85,12.6,15.273,18.1,4.63,5.11,63.681
1128,2023-06-20,21.25,3.05,4.815,3.84,12.85,15.6,18.5,4.75,5.3,63.391
1129,2023-06-21,21.1,3.05,4.88,3.88,13.15,15.7,18.6,4.84,5.36,64.165
1130,2023-06-22,21.25,3.06,4.973,3.89,13.4,15.8,19.1,4.93,5.39,64.746
1131,2023-06-23,21.05,3.06,4.908,3.88,13.3,15.7,19.0,4.93,5.4,66.875
1132,2023-06-26,21.7,2.99,4.806,3.87,13.15,15.5,19.0,4.77,5.23,68.327
1133,2023-06-27,21.5,2.97,4.806,3.85,13.4,15.5,19.7,4.76,5.18,68.23
1134,2023-06-28,21.9,2.93,4.824,3.89,13.6,15.55,19.5,4.7,5.33,68.327
1135,2023-06-29,21.0,2.85,4.806,4.16,13.1,15.45,19.0,4.4,5.15,69.585
1136,2023-06-30,21.3,2.83,4.78,4.07,12.85,15.15,19.0,4.52,5.15,68.714
1137,2023-07-03,21.35,2.88,4.72,3.88,13.25,15.45,19.3,4.59,5.15,68.423
1138,2023-07-04,22.8,2.98,4.76,3.94,13.35,15.5,19.3,4.68,5.35,68.327
1139,2023-07-05,23.25,2.96,4.8,3.93,13.75,15.75,19.5,4.67,5.28,67.552
1140,2023-07-06,24.0,2.88,4.84,3.86,13.65,15.6,19.7,4.49,5.2,68.23
1141,2023-07-07,24.45,2.89,4.83,3.85,14.05,15.6,20.1,4.55,5.39,68.617
1142,2023-07-10,24.3,2.95,4.87,3.91,14.0,15.8,20.0,4.67,5.41,69.778
1143,2023-07-11,25.7,2.96,5.06,4.0,13.9,15.8,19.9,4.92,5.57,70.456
1144,2023-07-12,25.4,2.93,5.03,3.98,13.8,16.9,19.8,4.91,5.52,71.133
1145,2023-07-13,26.15,2.99,5.04,3.98,13.95,17.0,20.0,4.91,5.5,70.746
1146,2023-07-14,26.0,3.09,5.04,3.99,14.3,16.9,19.9,4.92,5.58,70.94
1147,2023-07-17,25.3,3.12,5.12,4.01,14.2,16.65,20.7,5.04,5.61,69.972
1148,2023-07-18,24.95,3.1,5.08,4.02,13.8,16.65,20.5,4.92,5.5,70.069
1149,2023-07-19,25.1,3.02,4.98,3.98,13.65,16.8,20.7,4.9,5.38,70.262
1150,2023-07-20,24.85,3.04,4.99,3.99,13.9,17.1,20.7,4.89,5.42,70.262
1151,2023-07-21,26.05,3.05,5.02,3.99,14.15,17.15,20.6,4.98,5.47,71.133
1152,2023-07-24,25.4,3.17,5.1,4.08,14.25,17.1,20.7,5.3,5.67,71.23
1153,2023-07-25,25.15,3.1,5.1,4.1,14.2,16.85,20.8,5.21,5.57,72.101
1154,2023-07-26,26.0,3.08,5.16,4.04,14.1,16.95,20.7,5.15,5.54,72.585
1155,2023-07-27,25.4,3.09,5.27,4.06,14.1,16.9,20.4,5.1,5.65,73.262
1156,2023-07-28,25.1,3.19,5.44,4.16,14.25,16.9,20.8,5.19,5.71,74.908
1157,2023-07-31,24.85,3.4,5.71,4.18,14.1,15.9,21.3,5.55,5.8,75.488
1158,2023-08-01,24.85,3.22,5.44,4.12,13.9,15.7,20.9,5.68,5.5,73.553
1159,2023-08-02,25.5,3.29,5.62,4.4,13.95,15.95,21.1,5.6,5.5,73.65
1160,2023-08-03,26.1,3.26,5.68,4.35,14.0,15.8,21.2,5.71,5.49,72.6
1161,2023-08-04,26.0,3.38,6.07,4.4,14.1,15.8,21.3,5.75,5.52,73.0
1162,2023-08-07,26.15,3.5,6.49,4.43,14.7,16.1,21.0,6.14,5.75,74.9
1163,2023-08-08,27.95,3.42,6.94,4.5,14.8,16.45,21.0,6.22,5.76,74.5
1164,2023-08-09,27.3,3.4,7.2,4.57,14.6,16.7,20.8,6.39,6.03,73.1
1165,2023-08-10,25.85,3.38,6.92,4.4,14.25,16.4,20.0,6.2,5.88,73.1
1166,2023-08-11,26.25,3.3,7.35,4.34,14.0,16.05,19.8,6.04,5.8,73.5
1167,2023-08-14,26.1,3.37,7.86,4.38,14.2,16.05,20.0,6.06,5.82,73.4
1168,2023-08-15,26.2,3.42,7.95,4.4,14.3,16.3,19.8,6.15,5.89,72.8
1169,2023-08-16,26.15,3.38,7.81,4.38,14.05,16.05,19.6,6.01,5.96,73.1
1170,2023-08-17,25.5,3.2,7.4,4.27,13.9,16.0,19.2,5.89,5.82,73.6
1171,2023-08-18,23.75,2.98,6.89,3.98,12.95,14.9,18.8,5.48,5.42,73.3
1172,2023-08-21,22.3,3.04,6.75,4.0,12.3,14.7,18.4,5.12,5.26,72.9
1173,2023-08-22,23.5,3.0,7.22,4.05,12.45,14.3,17.9,5.25,5.2,72.7
1174,2023-08-23,22.8,2.97,7.14,4.01,12.3,14.65,18.0,5.29,5.21,73.5
1175,2023-08-24,23.1,3.01,7.14,4.07,12.55,15.65,18.0,5.33,5.29,74.7
1176,2023-08-25,23.25,3.0,7.03,4.0,13.4,15.75,19.0,5.26,5.3,74.9
1177,2023-08-28,23.75,3.05,7.06,4.06,13.45,15.85,18.9,5.35,5.33,77.9
1178,2023-08-29,23.8,3.1,7.35,4.09,13.25,16.2,19.2,5.47,5.41,77.4
1179,2023-08-30,23.5,3.07,7.58,4.1,13.8,16.1,19.4,5.52,5.38,77.8
1180,2023-08-31,24.8,3.08,7.49,4.15,13.9,16.2,20.2,5.39,5.48,77.8
