date,adClose_CMG,adClose_ELC,adClose_FPT,adClose_ITD,adClose_PSD,adClose_SAM,adClose_SGT,adClose_SRA,adClose_ST8,adClose_TYA
2018-06-11,12.149,9.257,20.028,7.603,6.098,5.977,3.678,2.679,9.425,8.151
2018-06-12,11.498,9.257,19.522,7.354,6.098,5.883,3.781,2.679,9.481,8.202
2018-06-13,12.095,9.298,19.733,7.271,6.098,5.883,4.043,2.726,8.853,8.306
2018-06-14,12.095,9.585,19.649,7.52,6.098,5.874,3.76,2.726,8.772,7.933
2018-06-15,11.661,9.585,19.607,7.465,6.098,5.868,3.76,2.726,8.255,8.274
2018-06-16,11.661,9.585,19.607,7.465,6.098,5.868,3.76,2.726,8.255,8.274
2018-06-17,11.661,9.585,19.607,7.465,6.098,5.868,3.76,2.726,8.255,8.274
2018-06-18,11.389,9.052,19.143,7.242,6.098,5.868,3.65,2.726,8.527,7.964
2018-06-19,11.336,8.438,18.763,6.741,6.098,5.842,3.554,2.562,8.826,7.438
2018-06-20,11.389,8.766,19.143,7.075,6.419,5.842,3.554,2.562,8.772,6.942
2018-06-21,10.956,8.602,18.721,6.741,6.419,5.808,3.719,2.562,8.99,6.974
2018-06-22,11.661,8.274,18.974,6.908,5.822,5.901,3.478,2.562,9.617,6.974
2018-06-23,11.661,8.274,18.974,6.908,5.822,5.901,3.478,2.562,9.617,6.974
2018-06-24,11.661,8.274,18.974,6.908,5.822,5.901,3.478,2.562,9.617,6.974
2018-06-25,11.118,8.274,19.016,6.852,6.372,5.901,3.512,2.562,9.044,6.756
2018-06-26,11.607,8.438,18.763,6.852,6.648,5.883,3.719,2.562,9.671,6.756
2018-06-27,11.661,8.52,18.679,6.741,6.052,5.874,3.788,2.562,10.079,7.035
2018-06-28,11.498,8.192,17.92,6.796,6.052,5.8,3.788,2.446,9.398,6.974
2018-06-29,11.552,8.192,17.498,6.796,5.503,5.883,3.926,2.446,9.154,7.096
2018-06-30,11.552,8.192,17.498,6.796,5.503,5.883,3.926,2.446,9.154,7.096
2018-07-01,11.552,8.192,17.498,6.796,5.503,5.883,3.926,2.446,9.154,7.096
2018-07-02,11.281,8.11,16.95,6.573,5.503,5.842,4.132,2.446,8.799,7.065
2018-07-03,10.794,7.717,16.444,6.518,6.052,5.75,3.843,2.213,9.181,6.725
2018-07-04,10.25,7.545,16.866,6.518,6.511,5.842,3.829,2.329,8.772,6.786
2018-07-05,10.142,7.742,16.655,6.518,6.786,5.741,3.678,2.283,8.826,6.817
2018-07-06,10.522,7.454,17.203,6.629,6.419,5.716,3.753,2.329,9.425,6.695
2018-07-07,10.522,7.454,17.203,6.629,6.419,5.716,3.753,2.329,9.425,6.695
2018-07-08,10.522,7.454,17.203,6.629,6.419,5.716,3.753,2.329,9.425,6.695
2018-07-09,10.576,7.536,16.929,6.685,6.419,5.757,3.712,2.329,9.425,6.353
2018-07-10,10.685,7.7,17.035,6.629,6.464,5.716,3.712,2.329,8.826,6.446
2018-07-11,10.63,7.529,16.529,6.546,5.868,5.716,3.65,2.329,8.527,6.26
2018-07-12,10.549,7.529,16.36,6.573,5.868,5.724,3.629,2.376,8.091,6.26
2018-07-13,10.63,7.536,17.119,6.602,6.372,5.732,3.877,2.329,7.574,6.321
2018-07-14,10.63,7.536,17.119,6.602,6.372,5.732,3.877,2.329,7.574,6.321
2018-07-15,10.63,7.536,17.119,6.602,6.372,5.732,3.877,2.329,7.574,6.321
2018-07-16,10.738,7.372,17.245,6.629,6.419,5.716,3.857,2.283,8.091,6.446
2018-07-17,11.227,7.413,17.667,6.602,6.648,5.75,3.588,2.283,8.636,6.507
2018-07-18,11.932,7.413,18.089,6.657,6.281,5.716,3.753,2.283,9.235,6.507
2018-07-19,11.769,7.454,17.92,6.657,6.328,5.716,3.492,2.283,9.371,6.632
2018-07-20,11.552,7.349,17.541,6.685,6.556,5.716,3.574,2.283,9.371,6.632
2018-07-21,11.552,7.349,17.541,6.685,6.556,5.716,3.574,2.283,9.371,6.632
2018-07-22,11.552,7.349,17.541,6.685,6.556,5.716,3.574,2.283,9.371,6.632
2018-07-23,11.389,7.365,17.709,6.685,6.556,5.724,3.402,2.283,9.371,6.632
2018-07-24,11.281,7.349,17.794,6.629,6.556,5.716,3.402,2.306,9.371,6.385
2018-07-25,11.281,7.308,17.878,6.629,6.189,5.716,3.402,2.213,9.371,6.476
2018-07-26,11.227,7.308,17.941,6.602,5.96,5.732,3.409,2.167,9.371,6.321
2018-07-27,11.227,7.536,18.257,6.657,6.189,5.883,3.636,2.259,9.371,6.446
2018-07-28,11.227,7.536,18.257,6.657,6.189,5.883,3.636,2.259,9.371,6.446
2018-07-29,11.227,7.536,18.257,6.657,6.189,5.883,3.636,2.259,9.371,6.446
2018-07-30,11.01,7.291,18.257,6.602,6.419,5.933,3.636,2.469,8.99,6.476
2018-07-31,11.498,7.299,18.047,6.294,6.328,5.992,3.416,2.702,8.99,6.446
2018-08-01,11.118,7.372,17.709,6.212,6.006,5.883,3.505,2.959,9.481,6.26
2018-08-02,11.118,7.372,18.004,6.266,6.328,6.018,3.581,3.238,9.535,6.321
2018-08-03,11.336,7.332,17.962,6.407,5.96,6.051,3.581,3.378,9.535,6.385
2018-08-04,11.336,7.332,17.962,6.407,5.96,6.051,3.581,3.378,9.535,6.385
2018-08-05,11.336,7.332,17.962,6.407,5.96,6.051,3.581,3.378,9.535,6.385
2018-08-06,11.173,7.52,17.815,6.351,6.328,6.136,3.581,3.704,9.535,6.476
2018-08-07,11.281,7.372,17.688,6.351,6.556,6.043,3.65,4.053,9.535,6.476
2018-08-08,11.254,7.454,17.92,6.434,6.328,6.018,3.616,4.449,9.263,6.539
2018-08-09,11.661,7.39,18.047,6.462,6.832,5.816,3.616,4.892,9.481,6.57
2018-08-10,11.986,7.52,18.173,6.602,6.419,5.8,3.616,5.381,8.99,6.632
2018-08-11,11.986,7.52,18.173,6.602,6.419,5.8,3.616,5.381,8.99,6.632
2018-08-12,11.986,7.52,18.173,6.602,6.419,5.8,3.616,5.381,8.99,6.632
2018-08-13,12.475,7.372,18.321,6.629,6.419,5.765,3.705,5.917,9.263,6.756
2018-08-14,12.421,7.372,18.679,6.629,6.419,5.741,3.45,5.87,9.317,6.725
2018-08-15,12.285,7.413,18.468,6.602,6.419,5.716,3.45,5.288,9.099,6.695
2018-08-16,12.149,7.397,18.554,6.462,6.419,5.716,3.375,5.8,8.881,6.632
2018-08-17,12.149,7.372,18.77,6.462,6.419,5.732,3.375,6.36,8.881,6.695
2018-08-18,12.149,7.372,18.77,6.462,6.419,5.732,3.375,6.36,8.881,6.695
2018-08-19,12.149,7.372,18.77,6.462,6.419,5.732,3.375,6.36,8.881,6.695
2018-08-20,12.23,7.291,18.856,6.546,6.419,5.741,3.375,6.989,8.99,6.725
2018-08-21,12.583,7.291,18.856,6.518,6.419,5.842,3.382,7.687,9.099,6.663
2018-08-22,13.261,6.799,19.007,6.407,6.006,5.8,3.388,8.456,9.154,6.507
2018-08-23,13.885,7.045,19.158,6.462,6.006,5.883,3.409,9.295,9.154,6.446
2018-08-24,13.966,7.004,19.18,6.573,6.419,6.018,3.388,9.295,9.425,6.507
2018-08-25,13.966,7.004,19.18,6.573,6.419,6.018,3.388,9.295,9.425,6.507
2018-08-26,13.966,7.004,19.18,6.573,6.419,6.018,3.388,9.295,9.425,6.507
2018-08-27,13.993,7.283,19.158,6.462,6.419,5.992,3.444,10.203,9.425,6.57
2018-08-28,14.101,7.25,19.072,6.573,6.419,5.992,3.375,11.205,9.425,6.507
2018-08-29,13.885,7.274,19.072,6.546,6.419,6.01,3.409,12.323,8.99,6.507
2018-08-30,13.56,7.291,19.05,6.573,6.419,5.942,3.375,13.535,9.481,6.507
2018-08-31,13.56,7.299,19.072,6.546,6.419,6.01,3.347,14.886,9.589,6.507
2018-09-01,13.56,7.299,19.072,6.546,6.419,6.01,3.347,14.886,9.589,6.507
2018-09-02,13.56,7.299,19.072,6.546,6.419,6.01,3.347,14.886,9.589,6.507
2018-09-03,13.56,7.299,19.072,6.546,6.419,6.01,3.347,14.886,9.589,6.507
2018-09-04,13.234,7.258,19.029,6.908,6.419,6.111,3.333,16.353,9.589,6.353
2018-09-05,13.234,7.209,18.683,6.546,6.419,6.07,3.368,17.984,9.807,6.385
2018-09-06,13.206,7.25,18.273,6.685,6.419,6.179,3.361,16.19,9.916,6.416
2018-09-07,13.396,7.25,18.554,6.685,6.419,6.337,3.147,14.583,10.434,6.476
2018-09-08,13.396,7.25,18.554,6.685,6.419,6.337,3.147,14.583,10.434,6.476
2018-09-09,13.396,7.25,18.554,6.685,6.419,6.337,3.147,14.583,10.434,6.476
2018-09-10,13.396,7.365,18.36,6.657,6.419,6.304,3.14,13.138,10.625,6.416
2018-09-11,13.532,7.34,18.619,6.546,6.419,6.321,3.271,11.834,10.625,6.353
2018-09-12,13.287,7.217,18.576,6.518,6.419,6.372,3.099,10.669,10.57,6.476
2018-09-13,13.396,7.258,18.727,6.629,6.419,6.606,3.168,9.621,10.625,6.507
2018-09-14,13.776,7.258,19.223,6.462,6.419,6.514,3.168,10.11,10.57,6.476
2018-09-15,13.776,7.258,19.223,6.462,6.419,6.514,3.168,10.11,10.57,6.476
2018-09-16,13.776,7.258,19.223,6.462,6.419,6.514,3.168,10.11,10.57,6.476
2018-09-17,14.561,7.258,19.029,6.518,6.419,6.489,3.078,11.112,10.352,6.446
2018-09-18,14.62,7.283,19.331,6.769,6.419,6.725,3.113,11.438,10.243,6.446
2018-09-19,14.141,7.365,19.611,6.685,6.511,6.69,3.168,10.296,10.134,6.385
2018-09-20,13.961,7.349,19.805,6.713,6.832,6.706,3.237,9.272,10.243,6.446
2018-09-21,13.781,7.413,19.805,6.796,6.372,6.725,3.34,8.363,10.243,6.446
2018-09-22,13.781,7.413,19.805,6.796,6.372,6.725,3.34,8.363,10.243,6.446
2018-09-23,13.781,7.413,19.805,6.796,6.372,6.725,3.34,8.363,10.243,6.446
2018-09-24,13.781,7.447,19.892,6.629,6.372,6.758,3.567,8.619,10.243,6.446
2018-09-25,14.021,7.431,19.805,6.629,6.372,6.725,3.375,8.386,10.352,6.446
2018-09-26,14.021,7.906,19.87,6.741,6.372,6.556,3.602,8.13,10.352,6.385
2018-09-27,14.261,7.824,19.935,7.187,6.372,6.514,3.781,7.547,11.062,6.385
2018-09-28,14.38,7.774,19.978,7.187,6.372,6.64,3.719,6.802,11.299,6.353
2018-09-29,14.38,7.774,19.978,7.187,6.372,6.64,3.719,6.802,11.299,6.353
2018-09-30,14.38,7.774,19.978,7.187,6.372,6.64,3.719,6.802,11.299,6.353
2018-10-01,14.261,7.618,19.848,7.187,6.372,6.539,3.464,6.127,10.53,6.476
2018-10-02,13.871,7.438,19.546,7.187,6.372,6.472,3.271,5.731,10.47,6.446
2018-10-03,13.781,7.372,19.633,7.214,6.372,6.514,3.237,6.29,9.82,6.446
2018-10-04,13.781,7.372,19.784,7.214,6.464,6.388,3.237,6.919,9.82,6.446
2018-10-05,13.722,7.372,19.676,7.242,6.464,6.362,3.457,7.547,10.352,6.416
2018-10-06,13.722,7.372,19.676,7.242,6.464,6.362,3.457,7.547,10.352,6.416
2018-10-07,13.722,7.372,19.676,7.242,6.464,6.362,3.457,7.547,10.352,6.416
2018-10-08,13.362,7.372,19.417,7.297,6.464,6.372,3.45,8.293,10.057,6.446
2018-10-09,12.882,7.34,19.287,7.187,6.464,6.388,3.691,9.108,10.648,6.632
2018-10-10,12.882,7.135,19.546,7.437,6.464,6.388,3.719,10.017,10.648,6.695
2018-10-11,11.985,6.644,18.424,7.242,6.464,6.136,3.857,11.018,10.648,6.632
2018-10-12,12.284,6.66,18.899,7.423,6.464,6.481,3.65,12.113,10.648,6.57
2018-10-13,12.284,6.66,18.899,7.423,6.464,6.481,3.65,12.113,10.648,6.57
2018-10-14,12.284,6.66,18.899,7.423,6.464,6.481,3.65,12.113,10.648,6.57
2018-10-15,12.163,6.758,18.554,7.032,6.464,6.472,3.857,13.325,9.939,6.57
2018-10-16,12.163,6.758,18.662,7.032,6.464,6.556,3.926,14.653,9.287,6.507
2018-10-17,12.224,6.758,18.813,7.122,6.464,6.64,3.657,16.097,9.909,6.725
2018-10-18,11.985,6.758,18.813,6.943,6.464,6.623,3.444,14.49,10.057,6.756
2018-10-19,12.284,6.751,18.554,6.943,6.464,6.623,3.678,15.258,10.057,6.539
2018-10-20,12.284,6.751,18.554,6.943,6.464,6.623,3.678,15.258,10.057,6.539
2018-10-21,12.284,6.751,18.554,6.943,6.464,6.623,3.678,15.258,10.057,6.539
2018-10-22,12.463,6.767,18.619,6.943,6.464,6.64,3.678,14.909,10.057,6.663
2018-10-23,12.284,6.701,18.209,6.523,6.464,6.514,3.912,16.4,10.352,6.632
2018-10-24,11.684,6.554,18.036,6.345,6.464,6.438,3.912,18.031,10.352,6.353
2018-10-25,11.924,6.242,17.713,6.225,6.464,6.347,3.912,17.471,10.352,6.353
2018-10-26,12.134,6.34,17.605,6.345,6.464,6.304,3.905,17.471,9.761,6.507
2018-10-27,12.134,6.34,17.605,6.345,6.464,6.304,3.905,17.471,9.761,6.507
2018-10-28,12.134,6.34,17.605,6.345,6.464,6.304,3.905,17.471,9.761,6.507
2018-10-29,12.074,6.365,17.691,6.434,6.464,6.304,3.636,15.724,9.761,6.507
2018-10-30,12.074,6.226,17.691,6.284,6.464,6.262,3.643,14.163,9.761,6.507
2018-10-31,12.163,6.234,18.101,6.284,6.464,6.337,3.884,13.744,9.761,6.756
2018-11-01,11.985,6.21,18.079,6.314,6.464,6.304,3.884,13.301,9.258,6.695
2018-11-02,11.924,6.463,18.511,6.583,6.464,6.347,3.857,14.21,9.761,6.663
2018-11-03,11.924,6.463,18.511,6.583,6.464,6.347,3.857,14.21,9.761,6.663
2018-11-04,11.924,6.463,18.511,6.583,6.464,6.347,3.857,14.21,9.761,6.663
2018-11-05,11.924,6.529,18.36,6.703,6.464,6.262,3.857,13.162,9.761,6.539
2018-11-06,11.684,6.472,18.187,6.763,6.464,6.22,3.719,11.88,9.702,6.507
2018-11-07,11.655,6.39,18.058,6.613,6.464,6.22,3.65,11.368,10.293,6.507
2018-11-08,11.744,6.39,18.187,6.583,6.464,6.22,3.402,12.137,9.879,6.507
2018-11-09,11.385,6.39,17.799,6.673,6.098,6.186,3.202,11.857,9.583,6.476
2018-11-10,11.385,6.39,17.799,6.673,6.098,6.186,3.202,11.857,9.583,6.476
2018-11-11,11.385,6.39,17.799,6.673,6.098,6.186,3.202,11.857,9.583,6.476
2018-11-12,11.624,6.455,18.101,6.434,6.143,6.186,3.202,12.346,9.583,6.476
2018-11-13,11.474,6.398,17.971,6.583,6.143,6.094,3.423,11.88,10.175,6.446
2018-11-14,11.355,6.398,18.23,6.403,6.556,6.043,3.444,10.739,9.939,6.446
2018-11-15,11.325,6.398,18.209,6.464,6.602,5.992,3.581,9.668,9.82,6.446
2018-11-16,11.505,6.39,18.446,6.553,6.648,5.985,3.65,8.852,9.82,6.446
2018-11-17,11.505,6.39,18.446,6.553,6.648,5.985,3.65,8.852,9.82,6.446
2018-11-18,11.505,6.39,18.446,6.553,6.648,5.985,3.65,8.852,9.82,6.446
2018-11-19,11.505,6.472,18.619,6.583,6.602,5.942,3.65,9.737,9.761,6.385
2018-11-20,11.505,6.496,18.727,6.583,6.098,5.868,3.65,10.693,9.761,6.385
2018-11-21,11.714,6.226,18.727,6.403,6.098,5.858,3.65,11.74,9.761,6.385
2018-11-22,11.655,6.153,18.727,6.583,6.098,5.8,3.409,12.906,9.643,6.446
2018-11-23,11.505,6.333,18.576,6.464,6.556,5.724,3.237,12.37,9.465,6.416
2018-11-24,11.505,6.333,18.576,6.464,6.556,5.724,3.237,12.37,9.465,6.416
2018-11-25,11.505,6.333,18.576,6.464,6.556,5.724,3.237,12.37,9.465,6.416
2018-11-26,11.505,6.226,18.317,6.345,6.556,5.724,3.45,12.207,9.939,6.446
2018-11-27,11.684,6.226,18.446,6.015,6.556,5.716,3.444,10.995,9.761,6.446
2018-11-28,11.624,6.422,18.468,6.254,6.556,5.657,3.478,11.135,9.761,6.416
2018-11-29,11.804,6.234,18.511,6.254,7.199,5.716,3.478,12.067,9.761,6.416
2018-11-30,11.684,6.226,18.511,6.373,7.794,5.682,3.478,11.415,9.761,6.507
2018-12-01,11.684,6.226,18.511,6.373,7.794,5.682,3.478,11.415,9.761,6.507
2018-12-02,11.684,6.226,18.511,6.373,7.794,5.682,3.478,11.415,9.761,6.507
2018-12-03,11.985,6.374,19.374,6.523,7.794,5.707,3.478,11.228,9.761,6.476
2018-12-04,12.043,6.447,19.395,6.493,7.794,5.699,3.313,11.461,9.761,6.321
2018-12-05,12.284,6.439,19.244,6.523,7.794,5.716,3.313,11.415,9.939,6.416
2018-12-06,13.003,6.365,19.158,6.583,7.794,5.732,3.313,11.042,9.761,6.756
2018-12-07,13.901,6.176,19.46,6.643,7.794,5.783,3.54,10.855,10.175,6.416
2018-12-08,13.901,6.176,19.46,6.643,7.794,5.783,3.54,10.855,10.175,6.416
2018-12-09,13.901,6.176,19.46,6.643,7.794,5.783,3.54,10.855,10.175,6.416
2018-12-10,14.86,6.472,19.072,6.673,7.794,5.959,3.774,10.39,10.057,6.507
2018-12-11,15.339,6.316,19.007,6.733,7.794,5.816,3.774,10.715,10.057,6.507
2018-12-12,14.62,6.316,19.18,6.643,7.014,5.825,3.774,11.345,10.057,6.507
2018-12-13,14.89,6.472,19.244,6.703,6.372,5.783,3.774,10.855,10.736,6.507
2018-12-14,14.86,6.472,19.05,6.643,6.419,5.732,3.753,11.927,10.736,6.539
2018-12-15,14.86,6.472,19.05,6.643,6.419,5.732,3.753,11.927,10.736,6.539
2018-12-16,14.86,6.472,19.05,6.643,6.419,5.732,3.753,11.927,10.736,6.539
2018-12-17,14.501,6.324,18.554,6.673,6.464,5.716,3.994,12.253,10.736,6.507
2018-12-18,13.722,6.324,18.122,6.703,6.464,5.883,4.132,11.648,11.476,6.507
2018-12-19,13.961,6.308,18.166,6.703,6.464,5.931,4.132,12.09,11.357,6.507
2018-12-20,14.111,6.308,18.144,6.673,6.464,5.939,3.843,12.02,10.589,6.539
2018-12-21,13.722,6.144,18.338,6.862,6.419,6.017,3.843,11.415,11.299,6.507
2018-12-22,13.722,6.144,18.338,6.862,6.419,6.017,3.843,11.415,11.299,6.507
2018-12-23,13.722,6.144,18.338,6.862,6.419,6.017,3.843,11.415,11.299,6.507
2018-12-24,14.081,6.062,18.122,6.453,6.419,6.0,3.788,11.018,11.653,6.632
2018-12-25,14.021,6.062,17.907,6.329,6.419,5.974,3.926,10.46,11.653,6.632
2018-12-26,14.081,6.292,17.864,6.58,6.419,5.974,3.926,10.949,11.239,6.57
2018-12-27,13.901,6.349,18.036,6.768,6.924,5.974,3.926,10.366,10.648,6.632
2018-12-28,14.38,6.292,18.209,6.643,6.924,6.06,3.926,9.9,11.239,6.632
2018-12-29,14.38,6.292,18.209,6.643,6.924,6.06,3.926,9.9,11.239,6.632
2018-12-30,14.38,6.292,18.209,6.643,6.924,6.06,3.926,9.9,11.239,6.632
2018-12-31,14.38,6.292,18.209,6.643,6.924,6.06,3.926,9.9,11.239,6.632
2019-01-01,14.38,6.292,18.209,6.643,6.924,6.06,3.926,9.9,11.239,6.632
2019-01-02,14.321,6.169,17.777,6.423,6.419,5.904,3.657,10.366,11.18,6.632
2019-01-03,14.081,6.062,17.605,6.423,6.419,5.974,3.402,9.341,11.18,6.632
2019-01-04,13.752,6.062,17.734,6.736,6.602,6.017,3.402,8.48,11.476,6.632
2019-01-05,13.752,6.062,17.734,6.736,6.602,6.017,3.402,8.48,11.476,6.632
2019-01-06,13.752,6.062,17.734,6.736,6.602,6.017,3.402,8.48,11.476,6.632
2019-01-07,14.021,5.989,18.036,6.423,6.602,6.06,3.512,8.06,10.736,6.632
2019-01-08,14.021,6.062,18.122,6.392,6.602,6.043,3.512,7.268,11.18,6.632
2019-01-09,14.081,6.135,18.295,6.453,6.786,6.147,3.512,6.546,10.648,6.6
2019-01-10,14.021,6.095,18.187,6.329,6.877,6.147,3.444,7.198,10.648,6.6
2019-01-11,14.081,6.078,18.209,6.453,6.877,6.225,3.237,7.897,10.943,6.6
2019-01-12,14.081,6.078,18.209,6.453,6.877,6.225,3.237,7.897,10.943,6.6
2019-01-13,14.081,6.078,18.209,6.453,6.877,6.225,3.237,7.897,10.943,6.6
2019-01-14,14.171,5.98,18.338,6.549,6.74,6.19,3.237,8.666,10.884,6.6
2019-01-15,14.021,5.98,18.468,6.265,6.832,6.225,3.444,7.804,10.648,6.57
2019-01-16,13.842,5.98,18.36,6.297,6.877,6.251,3.444,8.547,10.648,6.57
2019-01-17,14.051,5.98,18.122,6.612,6.877,6.251,3.444,9.352,10.943,6.57
2019-01-18,15.01,5.98,18.122,6.36,6.877,6.311,3.444,10.281,10.648,6.57
2019-01-19,15.01,5.98,18.122,6.36,6.877,6.311,3.444,10.281,10.648,6.57
2019-01-20,15.01,5.98,18.122,6.36,6.877,6.311,3.444,10.281,10.648,6.57
2019-01-21,16.058,6.217,18.338,6.58,6.877,6.233,3.444,11.272,11.18,6.507
2019-01-22,16.058,6.062,18.273,6.329,6.648,6.225,3.671,12.387,11.21,6.57
2019-01-23,16.178,6.292,18.273,6.516,6.648,6.311,3.671,12.821,11.121,6.786
2019-01-24,15.52,6.062,18.317,6.58,6.74,6.303,3.719,11.582,10.648,6.786
2019-01-25,15.52,5.989,18.295,6.453,6.832,6.277,3.719,11.644,11.062,6.756
2019-01-26,15.52,5.989,18.295,6.453,6.832,6.277,3.719,11.644,11.062,6.756
2019-01-27,15.52,5.989,18.295,6.453,6.832,6.277,3.719,11.644,11.062,6.756
2019-01-28,15.878,6.201,18.166,6.484,6.832,6.164,3.719,11.954,11.062,6.756
2019-01-29,16.387,6.062,18.338,6.516,6.968,6.233,3.719,11.396,11.062,6.756
2019-01-30,16.119,6.054,18.64,6.516,6.968,6.294,3.685,11.025,11.062,6.786
2019-01-31,15.878,6.054,18.64,6.516,6.968,6.363,3.685,10.591,11.239,6.756
2019-02-01,15.878,6.103,18.381,6.768,6.832,6.406,3.926,11.644,12.009,7.128
2019-02-02,15.878,6.103,18.381,6.768,6.832,6.406,3.926,11.644,12.009,7.128
2019-02-03,15.878,6.103,18.381,6.768,6.832,6.406,3.926,11.644,12.009,7.128
2019-02-04,15.878,6.103,18.381,6.768,6.832,6.406,3.926,11.644,12.009,7.128
2019-02-05,15.878,6.103,18.381,6.768,6.832,6.406,3.926,11.644,12.009,7.128
2019-02-06,15.878,6.103,18.381,6.768,6.832,6.406,3.926,11.644,12.009,7.128
2019-02-07,15.878,6.103,18.381,6.768,6.832,6.406,3.926,11.644,12.009,7.128
2019-02-08,15.878,6.103,18.381,6.768,6.832,6.406,3.926,11.644,12.009,7.128
2019-02-09,15.878,6.103,18.381,6.768,6.832,6.406,3.926,11.644,12.009,7.128
2019-02-10,15.878,6.103,18.381,6.768,6.832,6.406,3.926,11.644,12.009,7.128
2019-02-11,15.878,5.824,19.05,6.768,6.877,6.493,3.926,11.768,11.18,6.88
2019-02-12,16.987,6.013,18.942,6.83,6.832,6.424,3.657,11.21,11.18,6.88
2019-02-13,17.437,5.972,19.223,7.158,7.137,6.476,3.719,11.025,11.18,6.88
2019-02-14,17.077,5.98,19.093,6.896,7.137,6.363,3.719,10.715,11.18,7.065
2019-02-15,17.017,6.021,19.072,7.027,7.24,6.389,3.512,11.768,11.18,6.848
2019-02-16,17.017,6.021,19.072,7.027,7.24,6.389,3.512,11.768,11.18,6.848
2019-02-17,17.017,6.021,19.072,7.027,7.24,6.389,3.512,11.768,11.18,6.848
2019-02-18,17.617,5.98,19.158,6.896,7.188,6.363,3.719,12.945,11.18,7.065
2019-02-19,17.796,5.898,19.158,6.896,7.188,6.347,3.719,11.83,10.412,7.065
2019-02-20,17.856,5.816,19.352,6.896,7.137,6.45,3.926,11.706,10.412,7.313
2019-02-21,17.167,5.816,19.331,6.962,7.137,6.433,3.96,11.892,10.057,7.096
2019-02-22,17.137,5.816,19.503,6.896,7.087,6.406,3.685,11.644,10.057,7.159
2019-02-23,17.137,5.816,19.503,6.896,7.087,6.406,3.685,11.644,10.057,7.159
2019-02-24,17.137,5.816,19.503,6.896,7.087,6.406,3.685,11.644,10.057,7.159
2019-02-25,16.897,5.816,19.633,6.896,7.087,6.406,3.65,11.954,9.761,7.376
2019-02-26,17.077,5.833,19.503,6.929,6.627,6.415,3.512,11.706,10.441,7.376
2019-02-27,17.377,5.816,19.46,6.962,6.118,6.406,3.512,11.582,10.648,7.344
2019-02-28,17.167,5.735,19.072,6.896,6.627,6.389,3.753,11.334,10.648,7.189
2019-03-01,17.227,5.816,19.244,6.896,7.087,6.399,3.96,11.582,10.648,7.376
2019-03-02,17.227,5.816,19.244,6.896,7.087,6.399,3.96,11.582,10.648,7.376
2019-03-03,17.227,5.816,19.244,6.896,7.087,6.399,3.96,11.582,10.648,7.376
2019-03-04,17.856,5.735,19.417,7.093,6.882,6.32,3.719,11.892,10.648,7.501
2019-03-05,18.485,5.735,19.374,7.093,6.882,6.32,3.926,11.706,10.057,7.501
2019-03-06,17.976,5.735,19.244,7.158,6.627,6.329,3.926,11.458,9.879,7.501
2019-03-07,17.676,5.718,19.309,7.158,7.29,6.406,3.857,11.706,9.939,7.592
2019-03-08,17.886,5.735,19.266,7.224,7.29,6.399,3.616,11.644,9.939,7.592
2019-03-09,17.886,5.735,19.266,7.224,7.29,6.399,3.616,11.644,9.939,7.592
2019-03-10,17.886,5.735,19.266,7.224,7.29,6.399,3.616,11.644,9.939,7.592
2019-03-11,17.736,5.775,19.201,7.651,6.882,6.406,3.444,11.458,9.939,7.592
2019-03-12,18.516,6.176,20.064,8.176,6.882,6.493,3.444,11.582,10.53,7.562
2019-03-13,18.516,6.39,19.935,8.472,6.424,6.493,3.457,11.458,10.53,7.501
2019-03-14,18.516,6.185,19.956,8.406,6.424,6.493,3.457,11.582,10.53,7.438
2019-03-15,18.755,5.767,19.848,8.504,7.035,6.493,3.698,12.697,10.352,7.624
2019-03-16,18.755,5.767,19.848,8.504,7.035,6.493,3.698,12.697,10.352,7.624
2019-03-17,18.755,5.767,19.848,8.504,7.035,6.493,3.698,12.697,10.352,7.624
2019-03-18,18.875,5.726,19.935,8.373,7.137,6.502,3.719,13.874,10.057,7.685
2019-03-19,18.276,5.571,19.719,8.21,7.137,6.45,3.719,12.573,10.057,7.624
2019-03-20,17.976,5.571,19.611,7.946,7.137,6.45,3.719,13.068,9.879,7.624
2019-03-21,17.077,5.653,19.46,8.143,7.341,6.485,3.926,12.511,9.554,7.624
2019-03-22,17.556,5.473,19.438,7.881,7.545,6.485,3.926,12.573,9.554,7.624
2019-03-23,17.556,5.473,19.438,7.881,7.545,6.485,3.926,12.573,9.554,7.624
2019-03-24,17.556,5.473,19.438,7.881,7.545,6.485,3.926,12.573,9.554,7.624
2019-03-25,17.167,5.448,19.158,7.553,7.545,6.467,3.857,11.954,10.116,7.624
2019-03-26,17.198,5.456,19.309,7.75,6.832,6.493,3.65,12.077,10.293,7.685
2019-03-27,17.916,5.456,19.417,8.012,6.832,6.45,3.65,12.263,9.643,7.716
2019-03-28,18.126,5.407,19.482,7.815,6.832,6.45,3.65,12.325,9.643,7.716
2019-03-29,17.976,5.423,19.633,7.783,6.832,6.493,3.65,12.325,10.293,7.716
2019-03-30,17.976,5.423,19.633,7.783,6.832,6.493,3.65,12.325,10.293,7.716
2019-03-31,17.976,5.423,19.633,7.783,6.832,6.493,3.65,12.325,10.293,7.716
2019-04-01,17.766,5.489,19.762,7.716,6.882,6.493,3.719,12.263,9.968,7.809
2019-04-02,17.976,5.53,19.848,7.783,6.882,6.519,3.719,12.201,9.997,7.872
2019-04-03,17.946,5.546,20.366,7.815,6.882,6.588,3.974,12.077,10.028,8.244
2019-04-04,17.946,5.546,20.625,8.143,7.188,6.554,4.249,11.892,10.057,8.367
2019-04-05,19.174,5.546,20.625,8.143,7.188,6.623,3.994,11.954,10.648,8.615
2019-04-06,19.174,5.546,20.625,8.143,7.188,6.623,3.994,11.954,10.648,8.615
2019-04-07,19.174,5.546,20.625,8.143,7.188,6.623,3.994,11.954,10.648,8.615
2019-04-08,20.253,5.489,20.625,8.012,7.648,6.623,4.27,12.015,9.968,8.647
2019-04-09,19.654,5.48,20.409,7.946,7.648,6.502,4.566,12.015,10.146,8.615
2019-04-10,19.534,5.489,20.237,7.881,7.648,6.45,4.752,12.015,10.412,8.553
2019-04-11,19.893,5.415,20.28,7.979,7.648,6.441,4.821,11.954,10.589,8.584
2019-04-12,19.773,5.53,20.798,8.012,6.882,6.493,4.69,12.759,10.648,8.615
2019-04-13,19.773,5.53,20.798,8.012,6.882,6.493,4.69,12.759,10.648,8.615
2019-04-14,19.773,5.53,20.798,8.012,6.882,6.493,4.69,12.759,10.648,8.615
2019-04-15,19.773,5.53,20.798,8.012,6.882,6.493,4.69,12.759,10.648,8.615
2019-04-16,19.444,5.53,20.668,7.815,6.882,6.45,4.683,12.325,10.648,8.677
2019-04-17,18.575,5.546,20.927,7.75,6.882,6.45,4.683,12.263,10.648,8.677
2019-04-18,17.796,5.546,20.927,7.553,6.627,6.45,4.683,11.954,10.648,8.615
2019-04-19,18.096,5.653,20.906,7.684,6.627,6.45,4.683,11.954,10.648,8.553
2019-04-20,18.096,5.653,20.906,7.684,6.627,6.45,4.683,11.954,10.648,8.553
2019-04-21,18.096,5.653,20.906,7.684,6.627,6.45,4.683,11.954,10.648,8.553
2019-04-22,17.916,5.259,20.668,7.815,6.424,6.485,4.718,11.148,10.352,8.615
2019-04-23,18.096,5.391,20.668,7.553,6.424,6.476,4.683,10.839,10.352,8.677
2019-04-24,18.126,5.407,20.949,7.618,6.424,6.485,4.649,11.272,10.352,8.677
2019-04-25,18.096,5.407,21.057,7.815,6.424,6.467,4.614,11.086,10.943,8.987
2019-04-26,18.216,5.366,21.38,7.684,6.984,6.493,4.683,11.83,10.943,8.987
2019-04-27,18.216,5.366,21.38,7.684,6.984,6.493,4.683,11.83,10.943,8.987
2019-04-28,18.216,5.366,21.38,7.684,6.984,6.493,4.683,11.83,10.943,8.987
2019-04-29,18.216,5.366,21.38,7.684,6.984,6.493,4.683,11.83,10.943,8.987
2019-04-30,18.216,5.366,21.38,7.684,6.984,6.493,4.683,11.83,10.943,8.987
2019-05-01,18.216,5.366,21.38,7.684,6.984,6.493,4.683,11.83,10.943,8.987
2019-05-02,16.958,5.448,21.51,7.618,7.137,6.363,4.683,11.644,10.884,8.926
2019-05-03,17.257,5.497,21.574,7.553,7.137,6.485,4.359,11.52,10.648,8.862
2019-05-04,17.257,5.497,21.574,7.553,7.137,6.485,4.359,11.52,10.648,8.862
2019-05-05,17.257,5.497,21.574,7.553,7.137,6.485,4.359,11.52,10.648,8.862
2019-05-06,17.317,5.735,21.035,7.422,7.137,6.415,4.408,11.21,10.943,8.801
2019-05-07,17.137,5.816,21.445,7.454,7.137,6.415,4.408,11.086,10.756,8.926
2019-05-08,17.137,5.497,21.423,7.946,7.137,6.415,4.132,10.901,10.693,8.523
2019-05-09,16.868,5.448,20.97,7.487,7.137,6.45,4.408,11.086,10.506,8.708
2019-05-10,17.017,5.456,21.143,7.454,7.137,6.45,4.339,11.086,10.506,8.708
2019-05-11,17.017,5.456,21.143,7.454,7.137,6.45,4.339,11.086,10.506,8.708
2019-05-12,17.017,5.456,21.143,7.454,7.137,6.45,4.339,11.086,10.506,8.708
2019-05-13,17.676,5.366,21.359,7.553,7.137,6.493,4.477,10.901,10.381,8.677
2019-05-14,17.377,5.448,21.661,7.684,7.137,6.45,4.339,10.715,10.256,8.584
2019-05-15,17.796,5.489,21.747,7.651,7.137,6.493,4.339,10.839,10.193,8.647
2019-05-16,17.676,5.653,21.423,7.553,7.137,6.493,4.477,9.786,10.256,8.523
2019-05-17,18.216,5.644,21.531,7.553,6.882,6.51,4.47,8.857,10.256,8.491
2019-05-18,18.216,5.644,21.531,7.553,6.882,6.51,4.47,8.857,10.256,8.491
2019-05-19,18.216,5.644,21.531,7.553,6.882,6.51,4.47,8.857,10.256,8.491
2019-05-20,19.054,5.489,21.918,7.553,6.882,6.406,4.27,8.485,10.631,8.584
2019-05-21,19.654,5.423,22.233,7.487,6.882,6.415,4.339,8.795,10.319,8.523
2019-05-22,19.174,5.407,21.918,7.487,7.495,6.493,4.125,8.485,10.319,8.647
2019-05-23,19.773,5.357,22.136,7.454,7.443,6.493,4.408,8.795,10.319,8.647
2019-05-24,20.373,5.407,22.088,7.422,7.341,6.493,4.711,8.609,10.569,8.491
2019-05-25,20.373,5.407,22.088,7.422,7.341,6.493,4.711,8.609,10.569,8.491
2019-05-26,20.373,5.407,22.088,7.422,7.341,6.493,4.711,8.609,10.569,8.491
2019-05-27,21.691,5.407,21.918,7.487,7.341,6.493,5.034,8.485,10.193,8.584
2019-05-28,22.47,5.432,21.724,7.355,7.341,6.51,5.386,8.237,10.631,8.615
2019-05-29,23.729,5.653,21.361,7.618,7.341,6.51,5.751,7.928,10.631,8.615
2019-05-30,22.08,5.578,21.579,7.553,7.341,6.51,5.51,8.114,10.631,8.615
2019-05-31,21.271,5.578,21.361,7.422,7.545,6.485,5.124,8.114,10.631,8.523
2019-06-01,21.271,5.578,21.361,7.422,7.545,6.485,5.124,8.114,10.631,8.523
2019-06-02,21.271,5.578,21.361,7.422,7.545,6.485,5.124,8.114,10.631,8.523
2019-06-03,19.834,5.505,21.071,7.422,7.392,6.45,4.766,7.742,10.631,8.553
2019-06-04,20.133,5.759,20.974,7.487,7.341,6.493,5.096,7.432,10.006,8.553
2019-06-05,20.672,5.694,21.119,7.388,7.137,6.58,5.448,7.556,10.631,8.553
2019-06-06,21.122,5.701,21.555,7.487,7.137,6.562,5.599,7.432,10.943,8.491
2019-06-07,21.151,5.701,21.894,7.422,7.137,6.658,5.51,7.556,10.319,8.491
2019-06-08,21.151,5.701,21.894,7.422,7.137,6.658,5.51,7.556,10.319,8.491
2019-06-09,21.151,5.701,21.894,7.422,7.137,6.658,5.51,7.556,10.319,8.491
2019-06-10,21.661,5.653,21.846,7.422,7.137,6.788,5.138,7.494,10.943,8.491
2019-06-11,22.65,5.571,21.894,7.323,7.137,6.909,5.372,7.432,11.194,8.399
2019-06-12,22.29,5.562,21.821,7.323,7.137,6.875,5.337,7.432,11.256,8.256
2019-06-13,21.451,5.587,21.579,7.422,7.137,6.718,5.351,7.308,11.256,8.007
2019-06-14,22.111,5.742,21.507,7.323,7.137,6.839,5.014,7.123,11.194,8.15
2019-06-15,22.111,5.742,21.507,7.323,7.137,6.839,5.014,7.123,11.194,8.15
2019-06-16,22.111,5.742,21.507,7.323,7.137,6.839,5.014,7.123,11.194,8.15
2019-06-17,22.08,5.939,21.337,7.323,7.137,6.796,5.255,6.999,11.819,8.186
2019-06-18,21.871,5.865,21.337,7.323,7.137,6.839,5.028,6.751,11.757,7.972
2019-06-19,21.751,5.849,21.628,7.487,7.188,7.143,5.028,7.37,12.007,8.113
2019-06-20,21.931,5.571,21.991,7.355,7.493,7.107,5.028,8.052,11.256,8.078
2019-06-21,22.47,5.571,21.991,7.355,7.858,7.16,5.021,8.052,11.882,7.937
2019-06-22,22.47,5.571,21.991,7.355,7.858,7.16,5.021,8.052,11.882,7.937
2019-06-23,22.47,5.571,21.991,7.355,7.858,7.16,5.021,8.052,11.882,7.937
2019-06-24,23.668,5.735,21.87,7.52,7.614,7.16,4.828,8.052,11.882,8.007
2019-06-25,23.548,5.653,22.524,7.75,7.614,7.178,4.752,7.866,11.757,8.007
2019-06-26,23.159,5.701,22.354,7.684,7.614,7.168,4.855,7.928,11.757,8.007
2019-06-27,22.889,5.562,21.991,7.52,7.797,7.168,4.855,7.928,11.757,8.043
2019-06-28,22.589,5.546,22.039,7.422,7.797,7.099,4.855,7.928,11.757,8.043
2019-06-29,22.589,5.546,22.039,7.422,7.797,7.099,4.855,7.928,11.757,8.043
2019-06-30,22.589,5.546,22.039,7.422,7.797,7.099,4.855,7.928,11.757,8.043
2019-07-01,22.769,5.555,22.814,7.553,7.797,7.23,4.821,7.866,11.788,8.221
2019-07-02,22.889,5.571,22.717,7.553,7.614,7.117,4.738,7.68,11.569,8.221
2019-07-03,23.009,5.587,22.669,7.684,7.614,7.099,4.415,7.494,11.569,8.256
2019-07-04,22.769,5.595,22.742,7.684,7.797,7.178,4.683,7.432,11.757,8.256
2019-07-05,22.709,5.571,22.572,7.553,7.554,7.178,4.408,7.246,11.694,8.221
2019-07-06,22.709,5.571,22.572,7.553,7.554,7.178,4.408,7.246,11.694,8.221
2019-07-07,22.709,5.571,22.572,7.553,7.554,7.178,4.408,7.246,11.694,8.221
2019-07-08,22.499,5.694,22.427,7.585,7.554,7.099,4.284,7.866,11.694,8.292
2019-07-09,21.871,5.735,22.645,8.111,7.614,7.168,4.449,7.68,11.694,8.292
2019-07-10,22.29,5.653,22.79,8.111,7.432,7.125,4.545,7.68,11.694,8.399
2019-07-11,22.41,5.775,22.766,8.012,7.432,7.143,4.545,7.618,11.694,8.47
2019-07-12,23.009,5.735,22.766,7.881,7.432,7.081,4.346,7.618,11.694,8.719
2019-07-13,23.009,5.735,22.766,7.881,7.432,7.081,4.346,7.618,11.694,8.719
2019-07-14,23.009,5.735,22.766,7.881,7.432,7.081,4.346,7.618,11.694,8.719
2019-07-15,22.86,5.735,22.911,7.881,7.188,7.038,4.607,7.432,11.694,8.969
2019-07-16,23.009,5.735,22.911,7.848,7.128,7.099,4.477,7.556,11.694,9.003
2019-07-17,24.597,5.66,22.79,7.815,7.31,7.055,4.477,7.494,11.694,9.04
2019-07-18,25.137,5.66,22.669,8.143,8.04,7.099,4.477,7.432,11.569,8.969
2019-07-19,24.567,5.612,23.347,8.143,7.493,7.099,4.477,7.37,11.381,9.04
2019-07-20,24.567,5.612,23.347,8.143,7.493,7.099,4.477,7.37,11.381,9.04
2019-07-21,24.567,5.612,23.347,8.143,7.493,7.099,4.477,7.37,11.381,9.04
2019-07-22,24.298,5.612,23.42,7.881,8.224,7.081,4.477,7.123,11.381,9.324
2019-07-23,24.867,5.612,23.638,7.487,8.224,7.055,4.346,7.37,11.475,9.395
2019-07-24,25.884,5.612,23.541,7.716,8.224,7.055,4.408,7.246,11.381,9.395
2019-07-25,26.467,5.701,23.565,7.684,8.528,7.055,4.477,7.123,11.319,9.182
2019-07-26,26.401,5.644,23.638,7.684,7.92,7.012,4.545,7.123,11.319,9.324
2019-07-27,26.401,5.644,23.638,7.684,7.92,7.012,4.545,7.123,11.319,9.324
2019-07-28,26.401,5.644,23.638,7.684,7.92,7.012,4.545,7.123,11.319,9.324
2019-07-29,26.531,5.489,23.541,7.684,7.675,7.03,4.545,7.123,11.319,9.324
2019-07-30,26.337,5.407,23.153,7.553,7.675,7.081,4.614,7.185,11.319,9.324
2019-07-31,24.525,5.284,23.444,7.553,7.675,6.926,4.477,7.185,11.256,9.182
2019-08-01,24.202,5.407,23.42,7.553,7.675,7.038,4.545,7.185,10.631,9.253
2019-08-02,25.042,5.398,23.638,7.52,7.675,7.03,4.545,7.185,11.256,9.253
2019-08-03,25.042,5.398,23.638,7.52,7.675,7.03,4.545,7.185,11.256,9.253
2019-08-04,25.042,5.398,23.638,7.52,7.675,7.03,4.545,7.185,11.256,9.253
2019-08-05,24.137,5.325,23.735,7.487,7.675,7.004,4.532,7.556,11.256,9.253
2019-08-06,23.91,5.407,23.71,7.422,7.675,6.926,4.683,7.308,11.256,9.218
2019-08-07,23.684,5.341,24.098,7.75,7.675,6.875,4.642,7.432,11.256,9.182
2019-08-08,23.814,5.341,24.364,7.553,7.675,6.718,4.545,7.308,11.225,9.182
2019-08-09,24.59,5.341,24.752,7.553,7.675,6.683,4.304,7.308,11.225,9.253
2019-08-10,24.59,5.341,24.752,7.553,7.675,6.683,4.304,7.308,11.225,9.253
2019-08-11,24.59,5.341,24.752,7.553,7.675,6.683,4.304,7.308,11.225,9.253
2019-08-12,24.59,5.341,25.333,7.553,7.675,6.926,4.545,7.185,11.225,9.288
2019-08-13,23.62,5.325,25.43,7.585,7.675,6.839,4.545,7.061,11.225,9.288
2019-08-14,25.269,5.325,25.769,7.585,7.675,6.839,4.497,6.999,10.631,9.324
2019-08-15,25.981,5.325,26.164,7.553,7.675,6.796,4.463,6.999,10.381,9.324
2019-08-16,27.049,5.325,25.67,7.75,7.675,6.779,4.442,6.875,10.381,9.288
2019-08-17,27.049,5.325,25.67,7.75,7.675,6.779,4.442,6.875,10.381,9.288
2019-08-18,27.049,5.325,25.67,7.75,7.675,6.779,4.442,6.875,10.381,9.288
2019-08-19,26.467,5.325,25.868,7.618,7.675,6.779,4.442,6.937,10.631,9.288
2019-08-20,26.725,5.325,26.658,7.618,7.188,6.753,4.401,6.999,10.631,9.395
2019-08-21,26.661,5.325,26.46,7.553,7.188,6.779,4.401,6.937,10.631,9.288
2019-08-22,26.822,5.325,26.164,7.75,7.188,6.753,4.339,6.689,10.943,9.431
2019-08-23,26.467,5.325,26.855,7.881,7.554,6.744,4.284,6.751,10.943,9.431
2019-08-24,26.467,5.325,26.855,7.881,7.554,6.744,4.284,6.751,10.943,9.431
2019-08-25,26.467,5.325,26.855,7.881,7.554,6.744,4.284,6.751,10.943,9.431
2019-08-26,25.786,5.284,26.51,7.881,7.371,6.744,4.201,6.627,10.943,9.288
2019-08-27,26.111,5.309,26.065,7.618,7.371,6.676,4.201,6.627,10.943,9.288
2019-08-28,25.625,5.243,25.72,7.946,7.371,6.735,4.194,6.255,10.943,9.288
2019-08-29,25.496,5.407,26.016,7.913,7.371,6.735,4.339,6.194,10.943,9.324
2019-08-30,25.69,5.391,26.213,7.815,7.31,6.735,4.146,6.441,10.381,9.395
2019-08-31,25.69,5.391,26.213,7.815,7.31,6.735,4.146,6.441,10.381,9.395
2019-09-01,25.69,5.391,26.213,7.815,7.31,6.735,4.146,6.441,10.381,9.395
2019-09-02,25.69,5.391,26.213,7.815,7.31,6.735,4.146,6.441,10.381,9.395
2019-09-03,25.236,5.325,26.51,7.815,7.31,6.735,4.373,6.255,10.381,9.431
2019-09-04,24.978,5.243,26.263,7.881,7.31,6.753,4.236,6.194,10.943,9.467
2019-09-05,24.784,5.243,25.967,7.815,7.31,6.779,4.311,6.132,10.943,9.537
2019-09-06,24.848,5.161,26.115,7.716,7.31,6.779,4.442,6.07,10.943,9.537
2019-09-07,24.848,5.161,26.115,7.716,7.31,6.779,4.442,6.07,10.943,9.537
2019-09-08,24.848,5.161,26.115,7.716,7.31,6.779,4.442,6.07,10.943,9.537
2019-09-09,24.59,5.309,26.559,7.716,7.858,6.753,4.132,5.512,10.943,9.501
2019-09-10,23.943,5.309,26.658,7.716,7.371,6.753,4.256,5.574,10.943,9.501
2019-09-11,23.878,5.243,26.707,7.684,7.371,6.753,3.967,5.636,10.319,9.467
2019-09-12,24.913,5.317,27.892,7.75,7.371,6.735,4.125,5.636,10.319,9.501
2019-09-13,25.172,5.284,28.04,7.716,7.371,6.779,4.132,5.636,10.319,9.537
2019-09-14,25.172,5.284,28.04,7.716,7.371,6.779,4.132,5.636,10.319,9.537
2019-09-15,25.172,5.284,28.04,7.716,7.371,6.779,4.132,5.636,10.319,9.537
2019-09-16,25.172,5.268,28.484,7.651,7.371,6.917,4.201,5.512,10.319,9.431
2019-09-17,24.913,5.202,28.435,7.684,7.858,6.926,3.967,5.574,10.569,9.501
2019-09-18,24.784,5.243,27.843,7.75,7.858,6.856,4.125,5.884,10.631,9.501
2019-09-19,24.784,5.161,28.534,7.75,7.858,6.796,3.87,5.76,10.631,9.501
2019-09-20,24.202,5.161,28.731,7.684,7.858,6.839,3.87,5.698,10.631,9.894
2019-09-21,24.202,5.161,28.731,7.684,7.858,6.839,3.87,5.698,10.631,9.894
2019-09-22,24.202,5.161,28.731,7.684,7.858,6.839,3.87,5.698,10.631,9.894
2019-09-23,24.137,5.309,27.892,7.585,7.858,6.839,3.884,5.698,10.631,10.178
2019-09-24,23.652,5.12,27.744,7.585,7.614,7.134,3.926,5.698,10.631,10.108
2019-09-25,23.878,5.12,28.336,7.422,7.006,7.045,4.063,5.698,10.631,9.894
2019-09-26,23.814,5.12,28.484,7.422,7.675,7.035,4.339,5.574,10.506,9.894
2019-09-27,23.522,5.12,28.879,7.52,7.614,7.045,4.642,5.636,10.506,9.928
2019-09-28,23.522,5.12,28.879,7.52,7.614,7.045,4.642,5.636,10.506,9.928
2019-09-29,23.522,5.12,28.879,7.52,7.614,7.045,4.642,5.636,10.506,9.928
2019-09-30,24.331,5.12,28.484,7.454,7.614,7.045,4.966,5.698,10.506,10.0
2019-10-01,24.266,5.079,28.879,7.487,7.614,6.955,4.959,5.76,10.506,9.965
2019-10-02,24.072,4.841,28.237,7.487,7.31,7.045,4.821,5.698,10.443,9.965
2019-10-03,24.751,4.834,28.237,7.388,7.31,7.0,4.821,5.698,10.443,9.822
2019-10-04,24.59,4.793,28.04,7.388,7.31,7.0,4.511,5.636,10.443,9.859
2019-10-05,24.59,4.793,28.04,7.388,7.31,7.0,4.511,5.636,10.443,9.859
2019-10-06,24.59,4.793,28.04,7.388,7.31,7.0,4.511,5.636,10.443,9.859
2019-10-07,24.202,4.67,27.398,7.585,7.31,7.045,4.821,5.698,10.443,9.965
2019-10-08,24.46,4.67,27.694,7.454,7.31,7.0,4.821,5.698,10.443,9.894
2019-10-09,24.46,4.678,27.843,7.454,7.31,7.0,4.518,5.76,10.443,9.894
2019-10-10,24.719,4.916,27.843,7.454,7.006,7.0,4.545,6.317,10.443,9.822
2019-10-11,24.719,4.907,27.892,7.487,7.006,7.134,4.752,6.627,10.443,9.928
2019-10-12,24.719,4.907,27.892,7.487,7.006,7.134,4.752,6.627,10.443,9.928
2019-10-13,24.719,4.907,27.892,7.487,7.006,7.134,4.752,6.627,10.443,9.928
2019-10-14,24.719,4.957,28.484,7.52,7.31,7.134,4.814,6.813,10.443,9.894
2019-10-15,24.492,4.957,28.336,7.585,7.31,7.125,4.49,6.813,10.443,9.859
2019-10-16,24.59,4.964,28.386,7.487,7.31,7.125,4.738,6.689,10.443,9.859
2019-10-17,24.913,4.964,27.991,7.487,7.31,7.125,4.738,6.441,10.443,9.751
2019-10-18,24.751,4.957,28.188,7.454,7.31,7.134,4.614,5.822,10.443,10.249
2019-10-19,24.751,4.957,28.188,7.454,7.31,7.134,4.614,5.822,10.443,10.249
2019-10-20,24.751,4.957,28.188,7.454,7.31,7.134,4.614,5.822,10.443,10.249
2019-10-21,24.202,4.957,27.892,7.52,7.371,7.08,4.683,5.698,10.443,10.035
2019-10-22,24.784,4.916,27.793,7.454,7.371,7.143,4.614,5.698,10.443,10.072
2019-10-23,25.172,4.916,27.843,7.454,7.371,7.099,4.297,5.512,10.443,10.142
2019-10-24,25.398,4.916,28.731,7.487,7.371,7.134,4.539,5.512,10.443,10.142
2019-10-25,25.042,4.875,28.632,7.422,7.371,7.304,4.545,6.008,10.443,10.035
2019-10-26,25.042,4.875,28.632,7.422,7.371,7.304,4.545,6.008,10.443,10.035
2019-10-27,25.042,4.875,28.632,7.422,7.371,7.304,4.545,6.008,10.443,10.035
2019-10-28,24.913,4.866,28.682,7.422,7.371,7.304,4.58,5.946,10.443,9.859
2019-10-29,24.913,4.834,28.583,7.487,7.371,7.134,4.27,5.884,10.443,9.822
2019-10-30,24.848,4.834,28.534,7.422,7.371,7.125,4.559,5.822,10.443,9.822
2019-10-31,24.751,4.834,28.583,7.422,7.371,7.116,4.545,5.76,9.724,9.859
2019-11-01,24.848,4.752,28.879,7.422,7.981,7.268,4.229,5.636,10.381,9.894
2019-11-02,24.848,4.752,28.879,7.422,7.981,7.268,4.229,5.636,10.381,9.894
2019-11-03,24.848,4.752,28.879,7.422,7.981,7.268,4.229,5.636,10.381,9.894
2019-11-04,25.107,4.752,29.57,7.422,8.224,7.134,4.029,5.698,10.943,9.894
2019-11-05,25.042,4.752,29.521,7.454,8.407,7.241,3.857,5.698,10.193,9.787
2019-11-06,25.107,4.752,29.373,7.553,8.407,7.223,3.788,5.698,10.193,9.822
2019-11-07,25.236,4.752,29.373,7.651,7.614,7.223,3.581,5.76,9.505,9.822
2019-11-08,25.366,4.752,29.422,7.553,7.614,7.179,3.45,5.698,10.161,9.822
2019-11-09,25.366,4.752,29.422,7.553,7.614,7.179,3.45,5.698,10.161,9.822
2019-11-10,25.366,4.752,29.422,7.553,7.614,7.179,3.45,5.698,10.161,9.822
2019-11-11,25.56,4.759,29.62,7.618,7.858,7.276,3.45,5.636,10.161,9.751
2019-11-12,25.496,4.768,30.113,7.618,7.858,7.223,3.643,5.698,10.85,9.751
2019-11-13,25.398,4.768,29.867,7.618,7.249,7.223,3.409,5.698,11.256,9.715
2019-11-14,25.236,4.752,28.78,7.618,7.858,7.125,3.561,5.574,11.882,9.751
2019-11-15,25.14,4.752,28.929,7.618,7.371,7.134,3.444,5.574,12.163,9.822
2019-11-16,25.14,4.752,28.929,7.618,7.371,7.134,3.444,5.574,12.163,9.822
2019-11-17,25.14,4.752,28.929,7.618,7.371,7.134,3.444,5.574,12.163,9.822
2019-11-18,24.945,4.67,28.386,7.472,7.797,7.089,3.444,5.574,12.163,9.822
2019-11-19,24.945,4.67,28.78,7.472,7.614,7.134,3.499,5.636,12.163,9.751
2019-11-20,24.59,4.711,28.04,7.399,7.614,7.134,3.444,5.636,13.008,9.822
2019-11-21,24.719,4.711,27.645,7.399,7.614,7.134,3.574,5.636,12.1,9.822
2019-11-22,24.59,4.735,27.645,7.545,7.371,7.125,3.581,5.636,11.256,9.822
2019-11-23,24.59,4.735,27.645,7.545,7.371,7.125,3.581,5.636,11.256,9.822
2019-11-24,24.59,4.735,27.645,7.545,7.371,7.125,3.581,5.636,11.256,9.822
2019-11-25,24.492,4.514,27.941,7.508,7.371,7.134,3.574,5.636,10.631,9.787
2019-11-26,24.525,4.653,28.188,7.582,7.371,7.045,3.382,5.636,10.069,9.68
2019-11-27,24.525,4.653,28.139,7.654,7.371,7.134,3.444,5.76,10.6,9.715
2019-11-28,24.46,4.62,27.645,7.654,7.31,7.223,3.32,5.698,10.6,9.751
2019-11-29,24.46,4.637,27.843,7.545,7.737,7.214,3.547,5.574,10.069,9.751
2019-11-30,24.46,4.637,27.843,7.545,7.737,7.214,3.547,5.574,10.069,9.751
2019-12-01,24.46,4.637,27.843,7.545,7.737,7.214,3.547,5.574,10.069,9.751
2019-12-02,23.943,4.522,26.954,7.618,7.31,7.205,3.767,5.512,10.506,9.751
2019-12-03,24.008,4.538,26.905,7.472,7.31,7.205,3.505,5.574,11.225,9.751
2019-12-04,24.234,4.555,27.349,7.472,7.31,7.196,3.65,5.574,12.007,9.431
2019-12-05,24.59,4.546,27.102,7.545,7.31,7.196,3.857,5.512,11.194,9.645
2019-12-06,24.492,4.661,27.151,7.545,7.31,7.223,3.85,5.698,11.976,9.715
2019-12-07,24.492,4.661,27.151,7.545,7.31,7.223,3.85,5.698,11.976,9.715
2019-12-08,24.492,4.661,27.151,7.545,7.31,7.223,3.85,5.698,11.976,9.715
2019-12-09,24.266,4.661,27.3,7.399,7.31,7.223,3.788,5.636,11.976,9.715
2019-12-10,24.266,4.661,27.398,7.399,7.31,7.179,3.719,5.636,11.976,9.715
2019-12-11,24.202,4.505,27.892,7.472,7.31,7.223,3.719,5.574,11.976,9.715
2019-12-12,23.814,4.587,28.139,7.363,7.614,7.268,3.781,5.574,11.976,9.787
2019-12-13,23.814,4.784,28.188,7.288,7.614,7.312,3.781,5.574,11.976,9.715
2019-12-14,23.814,4.784,28.188,7.288,7.614,7.312,3.781,5.574,11.976,9.715
2019-12-15,23.814,4.784,28.188,7.288,7.614,7.312,3.781,5.574,11.976,9.715
2019-12-16,23.814,4.8,27.892,7.472,7.614,7.268,3.781,5.76,12.476,9.715
2019-12-17,23.814,4.809,27.349,7.325,7.614,7.231,3.519,5.698,12.976,9.573
2019-12-18,23.91,4.752,27.398,7.325,7.614,7.285,3.354,5.636,12.976,9.609
2019-12-19,23.296,4.752,27.546,7.325,7.737,7.285,3.368,5.512,12.976,9.537
2019-12-20,23.555,4.759,27.892,7.325,7.737,7.268,3.375,5.574,12.976,9.751
2019-12-21,23.555,4.759,27.892,7.325,7.737,7.268,3.375,5.574,12.976,9.751
2019-12-22,23.555,4.759,27.892,7.325,7.737,7.268,3.375,5.574,12.976,9.751
2019-12-23,23.296,4.793,27.694,7.325,8.224,7.295,3.423,5.574,12.976,9.787
2019-12-24,23.264,4.916,27.843,7.179,8.04,7.285,3.437,5.574,12.976,9.751
2019-12-25,23.264,4.67,28.386,7.325,8.04,7.295,3.409,5.512,12.976,9.822
2019-12-26,23.231,4.834,28.336,7.325,7.432,7.295,3.609,5.574,12.976,9.894
2019-12-27,23.264,4.834,28.435,7.325,7.614,7.304,3.574,5.512,12.976,9.928
2019-12-28,23.264,4.834,28.435,7.325,7.614,7.304,3.574,5.512,12.976,9.928
2019-12-29,23.264,4.834,28.435,7.325,7.614,7.304,3.574,5.512,12.976,9.928
2019-12-30,22.778,4.834,28.929,7.032,8.224,7.295,3.567,5.45,12.07,9.965
2019-12-31,23.231,4.899,28.78,6.885,7.614,7.357,3.368,5.45,12.07,9.965
2020-01-01,23.231,4.899,28.78,6.885,7.614,7.357,3.368,5.45,12.07,9.965
2020-01-02,23.231,5.079,28.929,6.959,7.614,7.312,3.409,5.203,12.07,10.178
2020-01-03,23.166,5.202,28.435,6.959,8.224,7.357,3.409,5.203,12.07,10.142
2020-01-04,23.166,5.202,28.435,6.959,8.224,7.357,3.409,5.203,12.07,10.142
2020-01-05,23.166,5.202,28.435,6.959,8.224,7.357,3.409,5.203,12.07,10.142
2020-01-06,23.296,5.243,28.139,6.959,8.224,7.865,3.313,5.203,12.07,10.142
2020-01-07,23.296,5.317,28.682,7.032,8.224,7.883,3.437,5.203,12.07,10.178
2020-01-08,23.166,5.325,28.04,7.032,8.224,7.865,3.43,5.017,11.225,10.072
2020-01-09,22.649,5.562,28.435,7.032,8.224,7.936,3.43,4.583,10.443,10.108
2020-01-10,22.649,5.636,28.386,7.032,8.833,7.909,3.423,4.769,9.881,10.108
2020-01-11,22.649,5.636,28.386,7.032,8.833,7.909,3.423,4.769,9.881,10.108
2020-01-12,22.649,5.636,28.386,7.032,8.833,7.909,3.423,4.769,9.881,10.108
2020-01-13,22.551,5.505,28.188,6.959,8.833,7.963,3.271,4.769,9.881,10.108
2020-01-14,22.389,5.587,28.139,6.885,8.589,8.472,3.437,4.769,10.569,10.072
2020-01-15,22.519,5.578,28.139,6.885,7.797,8.516,3.43,4.707,10.006,9.928
2020-01-16,22.389,5.587,28.632,6.885,7.797,8.543,3.423,4.645,9.443,9.894
2020-01-17,22.325,5.505,28.435,6.885,8.346,8.516,3.423,4.397,8.818,9.715
2020-01-18,22.325,5.505,28.435,6.885,8.346,8.516,3.423,4.397,8.818,9.715
2020-01-19,22.325,5.505,28.435,6.885,8.346,8.516,3.423,4.397,8.818,9.715
2020-01-20,22.325,5.555,28.336,7.325,7.737,8.32,3.306,4.397,8.818,9.787
2020-01-21,21.743,5.537,27.398,7.252,8.346,8.605,3.375,4.831,9.411,9.787
2020-01-22,22.26,5.514,27.892,7.179,8.346,8.739,3.444,5.079,10.069,9.965
2020-01-23,22.26,5.514,27.892,7.179,8.346,8.739,3.444,5.079,10.069,9.965
