date,adClose_DXG,adClose_HAG,adClose_HQC,adClose_ITA,adClose_MBB,adClose_SHB,adClose_SSI,adClose_STB,adClose_VND,adClose_VPB
2018-06-11,22.219,4.61,2.02,2.5,10.449,4.146,14.971,12.6,5.035,12.177
2018-06-12,22.526,4.45,2.1,2.47,10.156,4.057,14.773,12.8,4.806,12.016
2018-06-13,22.834,4.49,2.15,2.48,10.174,4.102,14.927,12.8,4.909,11.994
2018-06-14,22.219,4.65,2.09,2.49,9.863,4.012,14.332,12.55,4.623,11.444
2018-06-15,22.219,4.69,2.04,2.51,10.139,4.057,14.729,12.4,4.691,11.33
2018-06-16,22.219,4.69,2.04,2.51,10.139,4.057,14.729,12.4,4.691,11.33
2018-06-17,22.219,4.69,2.04,2.51,10.139,4.057,14.729,12.4,4.691,11.33
2018-06-18,20.68,5.01,2.0,2.46,9.656,3.923,13.74,12.0,4.439,11.222
2018-06-19,19.621,4.76,1.94,2.31,9.484,3.789,13.629,11.7,4.256,10.778
2018-06-20,20.852,4.77,1.94,2.38,9.622,3.879,13.849,12.0,4.393,11.519
2018-06-21,19.963,4.77,1.96,2.35,9.346,3.834,13.586,11.7,4.348,11.482
2018-06-22,20.407,4.7,1.99,2.36,9.622,3.879,13.893,12.0,4.325,12.186
2018-06-23,20.407,4.7,1.99,2.36,9.622,3.879,13.893,12.0,4.325,12.186
2018-06-24,20.407,4.7,1.99,2.36,9.622,3.879,13.893,12.0,4.325,12.186
2018-06-25,20.51,4.84,2.08,2.46,9.725,3.879,13.916,12.15,4.393,12.056
2018-06-26,20.066,5.07,2.07,2.63,9.622,3.834,13.805,12.0,4.302,11.852
2018-06-27,19.347,5.13,2.07,2.71,9.415,3.789,13.059,11.8,4.119,11.334
2018-06-28,18.322,5.0,2.03,2.75,9.139,3.7,12.53,11.55,3.913,10.926
2018-06-29,18.561,5.21,2.01,2.63,9.036,3.656,12.53,11.55,3.97,10.63
2018-06-30,18.561,5.21,2.01,2.63,9.036,3.656,12.53,11.55,3.97,10.63
2018-07-01,18.561,5.21,2.01,2.63,9.036,3.656,12.53,11.55,3.97,10.63
2018-07-02,17.98,5.2,1.96,2.45,8.57,3.477,12.091,11.1,3.776,10.26
2018-07-03,16.75,5.05,1.9,2.29,8.087,3.254,11.343,10.35,3.524,9.556
2018-07-04,17.023,4.88,1.9,2.36,8.242,3.299,11.98,10.3,3.672,9.778
2018-07-05,15.861,4.99,1.88,2.25,7.777,3.165,11.806,9.72,3.662,9.334
2018-07-06,16.271,5.19,1.88,2.3,8.31,3.477,12.574,10.4,3.913,9.982
2018-07-07,16.271,5.19,1.88,2.3,8.31,3.477,12.574,10.4,3.913,9.982
2018-07-08,16.271,5.19,1.88,2.3,8.31,3.477,12.574,10.4,3.913,9.982
2018-07-09,15.451,5.0,1.87,2.29,8.371,3.433,12.223,10.4,3.856,10.037
2018-07-10,14.425,4.97,1.88,2.3,8.453,3.388,12.157,10.4,3.89,10.296
2018-07-11,13.741,4.88,1.8,2.25,7.961,3.21,11.432,10.0,3.662,9.593
2018-07-12,14.425,5.0,1.81,2.25,8.289,3.344,11.476,10.15,3.753,9.76
2018-07-13,15.28,5.35,1.85,2.28,8.535,3.433,12.07,10.45,3.81,10.148
2018-07-14,15.28,5.35,1.85,2.28,8.535,3.433,12.07,10.45,3.81,10.148
2018-07-15,15.28,5.35,1.85,2.28,8.535,3.433,12.07,10.45,3.81,10.148
2018-07-16,15.177,5.72,1.84,2.26,8.782,3.477,12.002,10.5,3.799,10.222
2018-07-17,16.237,5.93,1.83,2.28,9.172,3.567,12.223,10.75,3.936,10.908
2018-07-18,16.955,6.33,1.92,2.31,9.479,3.7,12.838,11.2,4.21,11.13
2018-07-19,17.126,6.26,1.9,2.31,9.274,3.656,12.706,11.0,4.21,11.0
2018-07-20,16.75,6.19,1.88,2.3,9.561,3.656,12.817,11.0,4.348,10.926
2018-07-21,16.75,6.19,1.88,2.3,9.561,3.656,12.817,11.0,4.348,10.926
2018-07-22,16.75,6.19,1.88,2.3,9.561,3.656,12.817,11.0,4.348,10.926
2018-07-23,16.271,6.62,1.89,2.28,9.377,3.567,12.376,11.75,4.097,10.186
2018-07-24,16.476,7.08,1.88,2.4,9.274,3.567,12.046,11.4,4.073,9.926
2018-07-25,16.476,7.12,1.96,2.5,9.028,3.522,11.651,11.2,3.936,9.741
2018-07-26,17.092,6.63,1.91,2.38,9.233,3.567,12.178,11.25,4.004,9.704
2018-07-27,18.048,7.09,1.9,2.45,9.438,3.611,12.267,11.2,4.028,9.778
2018-07-28,18.048,7.09,1.9,2.45,9.438,3.611,12.267,11.2,4.028,9.778
2018-07-29,18.048,7.09,1.9,2.45,9.438,3.611,12.267,11.2,4.028,9.778
2018-07-30,18.117,7.58,1.91,2.53,9.643,3.7,12.574,11.5,4.119,10.112
2018-07-31,17.775,7.62,1.92,2.7,9.623,3.611,12.706,11.45,4.142,10.037
2018-08-01,17.639,7.1,2.05,2.88,9.479,3.567,12.75,11.3,4.085,9.926
2018-08-02,17.775,6.9,2.01,2.93,9.418,3.522,12.905,11.05,4.199,9.834
2018-08-03,17.707,7.15,1.96,2.83,9.479,3.567,12.772,11.05,4.21,9.852
2018-08-04,17.707,7.15,1.96,2.83,9.479,3.567,12.772,11.05,4.21,9.852
2018-08-05,17.707,7.15,1.96,2.83,9.479,3.567,12.772,11.05,4.21,9.852
2018-08-06,17.98,7.23,1.95,2.73,9.377,3.522,12.574,11.15,4.097,9.686
2018-08-07,17.639,6.82,1.94,2.8,9.356,3.522,12.729,11.15,4.142,9.686
2018-08-08,18.459,6.95,1.95,2.75,9.561,3.611,12.992,11.35,4.428,9.852
2018-08-09,18.595,7.43,1.94,2.68,9.5,3.611,13.015,11.3,4.486,9.963
2018-08-10,18.664,7.53,1.95,2.64,9.541,3.611,13.322,11.25,4.691,9.926
2018-08-11,18.664,7.53,1.95,2.64,9.541,3.611,13.322,11.25,4.691,9.926
2018-08-12,18.664,7.53,1.95,2.64,9.541,3.611,13.322,11.25,4.691,9.926
2018-08-13,19.416,7.4,1.94,2.73,9.992,3.923,13.849,11.8,4.829,10.056
2018-08-14,19.142,7.29,1.94,2.88,9.787,3.834,13.629,11.6,4.794,10.074
2018-08-15,18.527,7.0,1.95,2.72,9.561,3.745,13.189,11.4,4.577,9.815
2018-08-16,18.595,6.7,1.94,2.69,9.726,3.7,13.103,11.4,4.645,9.815
2018-08-17,18.561,6.67,1.91,2.7,9.602,3.7,13.059,11.2,4.577,9.63
2018-08-18,18.561,6.67,1.91,2.7,9.602,3.7,13.059,11.2,4.577,9.63
2018-08-19,18.561,6.67,1.91,2.7,9.602,3.7,13.059,11.2,4.577,9.63
2018-08-20,19.04,7.12,1.91,2.74,9.397,3.745,12.817,11.15,4.6,9.222
2018-08-21,19.211,7.13,1.9,2.85,9.623,3.834,13.454,11.2,4.76,9.445
2018-08-22,19.074,7.01,1.89,2.82,9.602,3.789,13.277,11.45,4.943,9.445
2018-08-23,19.074,7.0,1.92,2.83,9.623,3.789,13.432,11.4,4.954,9.408
2018-08-24,19.006,6.9,1.89,2.76,9.643,3.745,13.277,11.3,4.897,9.278
2018-08-25,19.006,6.9,1.89,2.76,9.643,3.745,13.277,11.3,4.897,9.278
2018-08-26,19.006,6.9,1.89,2.76,9.643,3.745,13.277,11.3,4.897,9.278
2018-08-27,19.006,6.8,1.83,2.7,9.808,3.789,13.564,11.4,4.943,9.37
2018-08-28,18.903,6.9,1.83,2.7,9.808,3.879,13.937,11.5,5.103,9.426
2018-08-29,19.587,6.99,1.83,2.72,9.746,3.879,14.025,11.4,5.046,9.352
2018-08-30,19.826,6.89,1.83,2.7,9.89,3.834,14.179,11.5,5.115,9.445
2018-08-31,19.416,6.79,1.83,2.69,9.726,3.789,13.893,11.35,5.08,9.593
2018-09-01,19.416,6.79,1.83,2.69,9.726,3.789,13.893,11.35,5.08,9.593
2018-09-02,19.416,6.79,1.83,2.69,9.726,3.789,13.893,11.35,5.08,9.593
2018-09-03,19.416,6.79,1.83,2.69,9.726,3.789,13.893,11.35,5.08,9.593
2018-09-04,18.595,6.6,1.81,2.72,9.479,3.7,13.497,11.25,4.852,9.519
2018-09-05,18.425,6.5,1.8,2.72,9.336,3.7,13.586,11.1,4.909,9.389
2018-09-06,18.425,6.09,1.81,2.68,9.213,3.656,13.586,11.05,4.966,9.112
2018-09-07,18.938,5.89,1.82,2.68,9.377,3.7,13.849,11.3,5.103,9.26
2018-09-08,18.938,5.89,1.82,2.68,9.377,3.7,13.849,11.3,5.103,9.26
2018-09-09,18.938,5.89,1.82,2.68,9.377,3.7,13.849,11.3,5.103,9.26
2018-09-10,19.006,5.9,1.81,2.65,9.295,3.656,13.762,11.75,5.103,9.037
2018-09-11,19.485,6.31,1.8,2.66,9.438,3.7,14.157,11.8,5.424,9.148
2018-09-12,19.142,6.18,1.81,2.68,9.336,3.7,13.937,12.1,5.389,9.074
2018-09-13,19.245,6.15,1.84,2.69,9.356,3.745,13.981,12.05,5.377,9.0
2018-09-14,19.142,6.11,1.84,2.69,9.274,3.789,14.113,12.0,5.241,9.019
2018-09-15,19.142,6.11,1.84,2.69,9.274,3.789,14.113,12.0,5.241,9.019
2018-09-16,19.142,6.11,1.84,2.69,9.274,3.789,14.113,12.0,5.241,9.019
2018-09-17,19.28,5.96,1.81,2.69,9.069,3.7,13.762,11.85,5.057,9.037
2018-09-18,19.689,5.97,1.81,2.68,9.069,3.745,14.07,12.4,5.241,9.056
2018-09-19,19.929,5.98,1.81,2.75,9.192,3.834,14.179,12.55,5.217,9.241
2018-09-20,19.929,6.0,1.81,2.86,9.274,3.879,14.332,12.65,5.263,9.556
2018-09-21,20.373,6.1,1.8,2.84,9.418,3.968,14.464,12.7,5.332,9.741
2018-09-22,20.373,6.1,1.8,2.84,9.418,3.968,14.464,12.7,5.332,9.741
2018-09-23,20.373,6.1,1.8,2.84,9.418,3.968,14.464,12.7,5.332,9.741
2018-09-24,20.271,6.1,1.8,2.83,9.52,3.968,14.575,12.55,5.286,9.612
2018-09-25,20.51,6.06,1.8,2.82,9.397,3.923,14.487,12.65,5.286,9.593
2018-09-26,20.305,6.15,1.86,2.81,9.438,3.923,14.508,12.7,5.229,9.63
2018-09-27,20.852,6.16,1.83,2.82,9.438,4.012,14.773,12.65,5.298,9.722
2018-09-28,20.579,6.13,1.83,2.81,9.479,4.057,14.729,13.5,5.241,9.926
2018-09-29,20.579,6.13,1.83,2.81,9.479,4.057,14.729,13.5,5.241,9.926
2018-09-30,20.579,6.13,1.83,2.81,9.479,4.057,14.729,13.5,5.241,9.926
2018-10-01,19.826,6.06,1.83,2.84,9.479,4.012,14.598,13.85,5.161,9.778
2018-10-02,19.211,5.99,1.82,2.82,9.397,3.968,14.532,13.9,5.126,9.704
2018-10-03,19.211,5.97,1.81,2.79,9.479,4.012,14.662,13.85,5.171,9.667
2018-10-04,20.1,5.99,1.8,2.84,9.849,4.057,15.093,13.85,5.298,9.76
2018-10-05,19.621,5.9,1.8,2.81,9.726,3.968,14.777,13.8,5.149,9.537
2018-10-06,19.621,5.9,1.8,2.81,9.726,3.968,14.777,13.8,5.149,9.537
2018-10-07,19.621,5.9,1.8,2.81,9.726,3.968,14.777,13.8,5.149,9.537
2018-10-08,19.621,5.82,1.8,2.78,9.746,3.923,14.754,13.85,5.195,9.37
2018-10-09,19.724,5.65,1.8,2.76,9.459,3.879,14.799,13.55,5.217,9.334
2018-10-10,19.826,5.6,1.8,2.79,9.336,3.834,14.777,13.4,5.171,9.26
2018-10-11,18.459,5.21,1.7,2.6,8.72,3.522,13.756,12.5,4.817,8.611
2018-10-12,18.8,5.33,1.72,2.65,8.946,3.7,14.028,13.05,4.772,8.981
2018-10-13,18.8,5.33,1.72,2.65,8.946,3.7,14.028,13.05,4.772,8.981
2018-10-14,18.8,5.33,1.72,2.65,8.946,3.7,14.028,13.05,4.772,8.981
2018-10-15,18.835,5.21,1.7,2.57,8.741,3.611,13.734,12.95,4.554,8.778
2018-10-16,19.553,5.25,1.71,2.6,8.925,3.656,13.756,13.6,4.554,8.852
2018-10-17,19.758,5.17,1.73,2.61,8.884,3.7,13.96,13.55,4.726,8.889
2018-10-18,19.416,5.1,1.71,2.6,8.679,3.611,13.78,13.5,4.611,8.815
2018-10-19,19.621,5.28,1.72,2.63,8.618,3.611,13.667,13.45,4.542,8.852
2018-10-20,19.621,5.28,1.72,2.63,8.618,3.611,13.667,13.45,4.542,8.852
2018-10-21,19.621,5.28,1.72,2.63,8.618,3.611,13.667,13.45,4.542,8.852
2018-10-22,19.142,5.22,1.71,2.64,8.659,3.567,13.598,12.95,4.234,8.611
2018-10-23,18.8,5.05,1.68,2.58,8.782,3.522,13.145,12.55,4.004,8.445
2018-10-24,18.151,5.0,1.63,2.55,8.638,3.477,12.828,12.6,4.004,8.203
2018-10-25,17.365,4.9,1.61,2.52,8.618,3.433,12.691,12.55,3.982,8.0
2018-10-26,17.16,4.75,1.61,2.69,8.638,3.388,12.488,12.3,3.913,7.796
2018-10-27,17.16,4.75,1.61,2.69,8.638,3.388,12.488,12.3,3.913,7.796
2018-10-28,17.16,4.75,1.61,2.69,8.638,3.388,12.488,12.3,3.913,7.796
2018-10-29,16.476,4.76,1.63,2.75,8.72,3.344,12.42,12.0,3.913,7.555
2018-10-30,15.554,4.95,1.64,2.77,8.761,3.344,12.465,11.95,3.913,7.537
2018-10-31,16.613,5.08,1.63,2.79,8.987,3.433,12.986,12.5,4.176,7.926
2018-11-01,17.092,5.08,1.62,2.7,8.823,3.388,12.691,12.2,4.028,7.593
2018-11-02,17.878,5.19,1.62,2.67,8.946,3.433,13.054,12.4,4.165,7.778
2018-11-03,17.878,5.19,1.62,2.67,8.946,3.433,13.054,12.4,4.165,7.778
2018-11-04,17.878,5.19,1.62,2.67,8.946,3.433,13.054,12.4,4.165,7.778
2018-11-05,17.844,5.2,1.62,2.7,8.966,3.433,13.099,12.35,4.165,7.852
2018-11-06,17.775,5.22,1.62,2.69,8.823,3.388,12.963,12.25,4.119,7.759
2018-11-07,17.467,5.25,1.61,2.67,8.823,3.388,12.918,12.7,4.119,7.648
2018-11-08,17.741,5.46,1.62,2.67,8.782,3.388,12.986,12.6,4.142,7.667
2018-11-09,17.092,5.44,1.6,2.67,8.577,3.344,12.601,12.35,4.097,7.537
2018-11-10,17.092,5.44,1.6,2.67,8.577,3.344,12.601,12.35,4.097,7.537
2018-11-11,17.092,5.44,1.6,2.67,8.577,3.344,12.601,12.35,4.097,7.537
2018-11-12,16.853,5.49,1.6,2.67,8.535,3.344,12.828,12.2,4.165,7.574
2018-11-13,17.092,5.4,1.59,2.63,8.433,3.299,12.623,12.0,4.165,7.481
2018-11-14,16.989,5.4,1.56,2.65,8.31,3.21,12.601,11.95,4.153,7.352
2018-11-15,16.989,5.49,1.56,2.66,8.392,3.21,12.51,12.0,4.222,7.037
2018-11-16,17.092,5.59,1.57,2.66,8.72,3.299,12.555,12.1,4.325,7.519
2018-11-17,17.092,5.59,1.57,2.66,8.72,3.299,12.555,12.1,4.325,7.519
2018-11-18,17.092,5.59,1.57,2.66,8.72,3.299,12.555,12.1,4.325,7.519
2018-11-19,17.57,5.6,1.6,2.79,8.741,3.344,12.918,12.3,4.325,8.037
2018-11-20,17.502,5.55,1.6,2.75,8.659,3.344,12.872,12.2,4.348,8.074
2018-11-21,17.331,5.55,1.61,2.84,8.761,3.344,13.099,12.25,4.325,8.074
2018-11-22,17.467,5.49,1.6,2.87,8.7,3.344,12.986,12.4,4.268,8.315
2018-11-23,17.092,5.25,1.58,2.83,8.597,3.299,12.646,12.25,4.256,8.129
2018-11-24,17.092,5.25,1.58,2.83,8.597,3.299,12.646,12.25,4.256,8.129
2018-11-25,17.092,5.25,1.58,2.83,8.597,3.299,12.646,12.25,4.256,8.129
2018-11-26,17.023,5.25,1.59,2.81,8.535,3.254,12.601,12.3,4.291,8.0
2018-11-27,16.545,5.21,1.58,2.76,8.474,3.254,12.669,12.15,4.302,7.778
2018-11-28,16.545,5.17,1.56,2.74,8.556,3.299,12.781,12.25,4.348,7.778
2018-11-29,16.408,5.05,1.56,2.69,8.577,3.254,12.828,12.15,4.325,7.703
2018-11-30,16.579,5.15,1.55,2.7,8.843,3.344,12.918,12.15,4.348,7.703
2018-12-01,16.579,5.15,1.55,2.7,8.843,3.344,12.918,12.15,4.348,7.703
2018-12-02,16.579,5.15,1.55,2.7,8.843,3.344,12.918,12.15,4.348,7.703
2018-12-03,17.467,5.15,1.55,2.75,9.089,3.433,13.44,12.8,4.554,8.167
2018-12-04,17.365,5.25,1.54,2.81,9.028,3.388,13.348,12.8,4.531,8.296
2018-12-05,17.434,5.18,1.54,2.9,9.11,3.433,13.371,12.7,4.52,8.333
2018-12-06,17.467,5.17,1.56,2.9,9.233,3.388,13.327,12.6,4.486,8.296
2018-12-07,17.98,5.2,1.57,2.93,9.233,3.388,13.44,12.65,4.531,8.407
2018-12-08,17.98,5.2,1.57,2.93,9.233,3.388,13.44,12.65,4.531,8.407
2018-12-09,17.98,5.2,1.57,2.93,9.233,3.388,13.44,12.65,4.531,8.407
2018-12-10,17.502,5.18,1.59,2.86,9.069,3.344,13.258,12.5,4.462,8.389
2018-12-11,17.365,5.17,1.6,2.84,9.131,3.344,13.213,12.5,4.439,8.333
2018-12-12,17.775,5.19,1.59,3.03,9.233,3.433,13.44,12.7,4.508,8.296
2018-12-13,17.673,5.2,1.61,3.2,9.11,3.388,13.462,12.9,4.508,8.315
2018-12-14,17.434,5.18,1.57,3.1,8.946,3.344,13.281,12.8,4.405,8.074
2018-12-15,17.434,5.18,1.57,3.1,8.946,3.344,13.281,12.8,4.405,8.074
2018-12-16,17.434,5.18,1.57,3.1,8.946,3.344,13.281,12.8,4.405,8.074
2018-12-17,16.75,5.1,1.58,3.25,8.72,3.344,12.941,12.5,4.119,7.778
2018-12-18,16.408,5.2,1.58,3.25,8.741,3.299,12.781,12.4,4.04,7.667
2018-12-19,16.1,5.19,1.57,3.26,8.679,3.299,12.736,12.45,4.05,7.667
2018-12-20,16.681,5.09,1.58,3.23,8.597,3.344,12.759,12.25,4.097,7.519
2018-12-21,16.545,5.05,1.58,3.3,8.597,3.299,12.623,12.1,4.097,7.667
2018-12-22,16.545,5.05,1.58,3.3,8.597,3.299,12.623,12.1,4.097,7.667
2018-12-23,16.545,5.05,1.58,3.3,8.597,3.299,12.623,12.1,4.097,7.667
2018-12-24,16.476,5.05,1.57,3.4,8.392,3.254,12.239,12.15,3.994,7.537
2018-12-25,16.032,4.88,1.55,3.17,8.084,3.21,12.17,11.95,3.833,7.259
2018-12-26,15.724,4.88,1.54,3.17,8.043,3.21,12.079,11.95,3.73,7.222
2018-12-27,16.203,4.94,1.56,3.16,8.084,3.21,12.239,12.0,3.742,7.352
2018-12-28,16.271,4.88,1.46,3.06,7.982,3.21,12.079,11.95,3.753,7.389
2018-12-29,16.271,4.88,1.46,3.06,7.982,3.21,12.079,11.95,3.753,7.389
2018-12-30,16.271,4.88,1.46,3.06,7.982,3.21,12.079,11.95,3.753,7.389
2018-12-31,16.271,4.88,1.46,3.06,7.982,3.21,12.079,11.95,3.753,7.389
2019-01-01,16.271,4.88,1.46,3.06,7.982,3.21,12.079,11.95,3.753,7.389
2019-01-02,15.759,4.78,1.48,2.9,7.94,3.21,12.012,11.6,3.776,7.185
2019-01-03,15.382,4.68,1.46,2.91,7.592,3.121,11.785,11.1,3.718,7.037
2019-01-04,15.519,4.66,1.43,2.91,7.633,3.121,11.785,11.15,3.73,7.019
2019-01-05,15.519,4.66,1.43,2.91,7.633,3.121,11.785,11.15,3.73,7.019
2019-01-06,15.519,4.66,1.43,2.91,7.633,3.121,11.785,11.15,3.73,7.019
2019-01-07,15.69,4.66,1.45,2.99,7.776,3.21,11.809,11.5,3.81,7.129
2019-01-08,15.382,4.75,1.44,2.99,7.735,3.121,11.649,11.35,3.845,7.093
2019-01-09,16.134,4.71,1.43,3.02,7.94,3.21,11.672,11.4,3.753,7.093
2019-01-10,16.1,4.86,1.44,3.0,7.94,3.121,11.581,11.4,3.672,7.111
2019-01-11,15.895,5.08,1.44,3.01,7.899,3.121,11.853,11.4,3.753,7.074
2019-01-12,15.895,5.08,1.44,3.01,7.899,3.121,11.853,11.4,3.753,7.074
2019-01-13,15.895,5.08,1.44,3.01,7.899,3.121,11.853,11.4,3.753,7.074
2019-01-14,15.724,5.07,1.42,2.94,7.797,3.121,11.693,11.2,3.662,7.055
2019-01-15,15.861,5.07,1.42,3.0,8.002,3.165,11.785,11.3,3.651,7.129
2019-01-16,15.724,5.11,1.4,3.01,7.982,3.121,11.672,11.3,3.605,7.352
2019-01-17,15.519,5.03,1.4,2.95,8.105,3.121,11.422,11.2,3.57,7.037
2019-01-18,15.382,4.99,1.42,2.99,8.105,3.121,11.4,11.25,3.57,7.129
2019-01-19,15.382,4.99,1.42,2.99,8.105,3.121,11.4,11.25,3.57,7.129
2019-01-20,15.382,4.99,1.42,2.99,8.105,3.121,11.4,11.25,3.57,7.129
2019-01-21,15.69,4.95,1.4,3.0,8.618,3.21,11.603,11.7,3.696,7.407
2019-01-22,15.861,4.98,1.4,2.79,8.453,3.121,11.581,11.75,3.696,7.278
2019-01-23,16.066,5.0,1.4,2.8,8.494,3.165,11.535,12.15,3.684,7.37
2019-01-24,15.963,4.99,1.39,2.78,8.7,3.165,11.581,12.2,3.672,7.481
2019-01-25,15.793,5.0,1.4,2.77,8.679,3.165,11.874,12.3,3.708,7.426
2019-01-26,15.793,5.0,1.4,2.77,8.679,3.165,11.874,12.3,3.708,7.426
2019-01-27,15.793,5.0,1.4,2.77,8.679,3.165,11.874,12.3,3.708,7.426
2019-01-28,15.861,5.0,1.39,2.79,8.638,3.165,11.809,12.25,3.684,7.296
2019-01-29,15.793,4.93,1.39,2.74,8.741,3.165,11.874,12.15,3.708,7.407
2019-01-30,15.759,5.0,1.39,2.75,8.946,3.21,11.785,12.0,3.684,7.37
2019-01-31,15.827,5.0,1.38,2.7,8.987,3.21,11.83,12.3,3.684,7.481
2019-02-01,15.929,5.0,1.4,2.7,8.966,3.21,11.83,12.4,3.662,7.426
2019-02-02,15.929,5.0,1.4,2.7,8.966,3.21,11.83,12.4,3.662,7.426
2019-02-03,15.929,5.0,1.4,2.7,8.966,3.21,11.83,12.4,3.662,7.426
2019-02-04,15.929,5.0,1.4,2.7,8.966,3.21,11.83,12.4,3.662,7.426
2019-02-05,15.929,5.0,1.4,2.7,8.966,3.21,11.83,12.4,3.662,7.426
2019-02-06,15.929,5.0,1.4,2.7,8.966,3.21,11.83,12.4,3.662,7.426
2019-02-07,15.929,5.0,1.4,2.7,8.966,3.21,11.83,12.4,3.662,7.426
2019-02-08,15.929,5.0,1.4,2.7,8.966,3.21,11.83,12.4,3.662,7.426
2019-02-09,15.929,5.0,1.4,2.7,8.966,3.21,11.83,12.4,3.662,7.426
2019-02-10,15.929,5.0,1.4,2.7,8.966,3.21,11.83,12.4,3.662,7.426
2019-02-11,16.887,4.96,1.41,2.74,9.048,3.388,12.193,12.95,3.845,7.852
2019-02-12,16.887,5.3,1.44,2.85,9.028,3.433,12.306,13.0,3.936,7.907
2019-02-13,16.955,5.32,1.5,2.83,9.028,3.433,12.329,13.0,3.948,7.963
2019-02-14,16.955,5.2,1.48,2.78,9.069,3.522,12.283,12.95,3.948,7.87
2019-02-15,16.887,5.17,1.45,2.8,9.048,3.433,12.17,13.0,3.902,7.87
2019-02-16,16.887,5.17,1.45,2.8,9.048,3.433,12.17,13.0,3.902,7.87
2019-02-17,16.887,5.17,1.45,2.8,9.048,3.433,12.17,13.0,3.902,7.87
2019-02-18,17.126,5.44,1.46,2.83,9.069,3.433,12.283,13.1,3.936,7.963
2019-02-19,16.75,5.44,1.4,2.8,9.007,3.344,12.35,12.8,3.936,7.852
2019-02-20,16.715,5.33,1.41,2.75,9.048,3.344,12.465,12.9,3.97,7.833
2019-02-21,16.818,5.41,1.41,2.72,9.069,3.344,12.646,13.0,3.982,7.926
2019-02-22,16.715,5.49,1.41,2.67,9.233,3.388,12.805,13.05,3.982,7.907
2019-02-23,16.715,5.49,1.41,2.67,9.233,3.388,12.805,13.05,3.982,7.907
2019-02-24,16.715,5.49,1.41,2.67,9.233,3.388,12.805,13.05,3.982,7.907
2019-02-25,16.92,5.5,1.43,2.67,9.213,3.388,12.963,12.9,4.097,7.963
2019-02-26,16.613,5.66,1.42,2.7,9.048,3.388,12.918,12.8,4.085,7.889
2019-02-27,17.057,5.69,1.42,2.75,9.048,3.388,12.805,12.7,4.028,7.852
2019-02-28,16.75,5.52,1.41,2.69,8.823,3.299,12.646,12.3,3.994,7.667
2019-03-01,17.057,5.65,1.42,2.7,8.946,3.388,12.781,12.65,4.004,7.741
2019-03-02,17.057,5.65,1.42,2.7,8.946,3.388,12.781,12.65,4.004,7.741
2019-03-03,17.057,5.65,1.42,2.7,8.946,3.388,12.781,12.65,4.004,7.741
2019-03-04,17.809,6.04,1.41,2.83,9.089,3.388,13.099,12.75,4.073,7.926
2019-03-05,17.502,6.08,1.5,2.92,9.089,3.344,13.054,12.7,4.028,7.926
2019-03-06,17.673,6.15,1.52,2.88,9.089,3.388,13.054,12.65,4.05,7.889
2019-03-07,17.092,6.07,1.5,2.86,9.11,3.522,13.032,12.8,4.153,7.889
2019-03-08,16.51,5.87,1.45,2.78,8.966,3.477,12.896,12.6,4.062,7.796
2019-03-09,16.51,5.87,1.45,2.78,8.966,3.477,12.896,12.6,4.062,7.796
2019-03-10,16.51,5.87,1.45,2.78,8.966,3.477,12.896,12.6,4.062,7.796
2019-03-11,16.92,5.76,1.43,2.97,8.946,3.477,12.963,12.55,4.062,7.815
2019-03-12,16.887,5.8,1.47,2.98,9.254,3.611,13.054,12.7,4.05,7.963
2019-03-13,16.75,5.8,1.47,2.93,9.274,3.522,13.327,12.8,4.21,8.148
2019-03-14,16.818,5.84,1.52,3.13,9.233,3.522,13.348,13.0,4.176,8.037
2019-03-15,16.545,5.77,1.52,3.15,9.233,3.567,13.371,12.95,4.108,8.074
2019-03-16,16.545,5.77,1.52,3.15,9.233,3.567,13.371,12.95,4.108,8.074
2019-03-17,16.545,5.77,1.52,3.15,9.233,3.567,13.371,12.95,4.108,8.074
2019-03-18,16.613,5.54,1.49,3.23,9.336,3.567,13.236,12.85,4.131,8.333
2019-03-19,16.066,5.55,1.5,3.2,9.295,3.522,13.099,12.7,3.959,8.111
2019-03-20,16.032,5.52,1.49,3.15,9.418,3.477,12.941,12.8,3.97,8.055
2019-03-21,15.382,5.2,1.49,3.18,9.356,3.433,12.374,12.5,3.776,7.778
2019-03-22,15.519,5.25,1.46,3.2,9.397,3.433,12.465,12.55,3.821,7.778
2019-03-23,15.519,5.25,1.46,3.2,9.397,3.433,12.465,12.55,3.821,7.778
2019-03-24,15.519,5.25,1.46,3.2,9.397,3.433,12.465,12.55,3.821,7.778
2019-03-25,14.733,5.61,1.44,3.2,9.089,3.299,12.148,12.25,3.787,7.481
2019-03-26,14.938,5.87,1.44,3.2,9.089,3.299,12.283,12.3,3.821,7.481
2019-03-27,15.382,5.61,1.45,3.16,9.192,3.388,12.283,12.35,3.856,7.667
2019-03-28,15.382,5.56,1.44,3.21,9.192,3.388,12.26,12.15,3.867,7.574
2019-03-29,15.246,5.56,1.42,3.23,9.192,3.344,12.329,12.2,3.845,7.481
2019-03-30,15.246,5.56,1.42,3.23,9.192,3.344,12.329,12.2,3.845,7.481
2019-03-31,15.246,5.56,1.42,3.23,9.192,3.344,12.329,12.2,3.845,7.481
2019-04-01,15.348,5.46,1.42,3.3,9.192,3.433,12.555,12.4,3.833,7.5
2019-04-02,15.28,5.44,1.44,3.3,9.213,3.388,12.555,12.2,3.845,7.463
2019-04-03,15.314,5.39,1.45,3.23,9.233,3.388,12.397,12.25,3.845,7.389
2019-04-04,15.417,5.42,1.47,3.22,9.295,3.388,12.374,12.3,3.856,7.407
2019-04-05,15.929,5.42,1.45,3.23,9.337,3.344,12.465,12.25,3.845,7.426
2019-04-06,15.929,5.42,1.45,3.23,9.337,3.344,12.465,12.25,3.845,7.426
2019-04-07,15.929,5.42,1.45,3.23,9.337,3.344,12.465,12.25,3.845,7.426
2019-04-08,15.827,5.52,1.44,3.17,9.421,3.433,12.601,12.25,3.856,7.352
2019-04-09,15.519,5.41,1.45,3.12,9.379,3.344,12.691,12.25,3.89,7.389
2019-04-10,15.246,5.24,1.44,3.12,9.253,3.344,12.442,12.1,3.845,7.352
2019-04-11,15.348,5.22,1.44,3.11,9.274,3.388,12.35,12.05,3.845,7.278
2019-04-12,15.382,5.27,1.45,3.15,9.232,3.344,12.239,12.1,3.833,7.203
2019-04-13,15.382,5.27,1.45,3.15,9.232,3.344,12.239,12.1,3.833,7.203
2019-04-14,15.382,5.27,1.45,3.15,9.232,3.344,12.239,12.1,3.833,7.203
2019-04-15,15.382,5.27,1.45,3.15,9.232,3.344,12.239,12.1,3.833,7.203
2019-04-16,15.177,5.29,1.43,3.05,9.063,3.388,12.124,12.05,3.73,7.093
2019-04-17,15.041,5.38,1.41,2.95,9.063,3.299,12.034,11.9,3.684,7.203
2019-04-18,14.425,5.3,1.41,2.85,9.084,3.299,11.785,11.75,3.684,7.148
2019-04-19,15.041,5.3,1.42,2.95,9.105,3.344,11.785,11.75,3.651,7.185
2019-04-20,15.041,5.3,1.42,2.95,9.105,3.344,11.785,11.75,3.651,7.185
2019-04-21,15.041,5.3,1.42,2.95,9.105,3.344,11.785,11.75,3.651,7.185
2019-04-22,14.938,5.31,1.41,2.89,9.021,3.344,11.422,11.55,3.547,7.167
2019-04-23,14.63,5.3,1.41,2.94,8.979,3.344,11.4,12.05,3.615,7.074
2019-04-24,14.699,5.39,1.42,3.06,9.063,3.344,11.649,12.05,3.638,7.148
2019-04-25,14.562,5.55,1.42,2.98,9.063,3.344,11.558,11.85,3.651,7.055
2019-04-26,14.562,5.47,1.41,3.0,9.189,3.344,11.693,11.95,3.651,7.055
2019-04-27,14.562,5.47,1.41,3.0,9.189,3.344,11.693,11.95,3.651,7.055
2019-04-28,14.562,5.47,1.41,3.0,9.189,3.344,11.693,11.95,3.651,7.055
2019-04-29,14.562,5.47,1.41,3.0,9.189,3.344,11.693,11.95,3.651,7.055
2019-04-30,14.562,5.47,1.41,3.0,9.189,3.344,11.693,11.95,3.651,7.055
2019-05-01,14.562,5.47,1.41,3.0,9.189,3.344,11.693,11.95,3.651,7.055
2019-05-02,14.425,5.37,1.4,3.0,9.232,3.344,11.603,11.9,3.593,7.019
2019-05-03,14.049,5.28,1.4,3.04,9.316,3.299,11.74,12.35,3.581,7.019
2019-05-04,14.049,5.28,1.4,3.04,9.316,3.299,11.74,12.35,3.581,7.019
2019-05-05,14.049,5.28,1.4,3.04,9.316,3.299,11.74,12.35,3.581,7.019
2019-05-06,13.092,5.17,1.38,2.95,9.063,3.254,11.422,12.05,3.581,6.833
2019-05-07,12.785,5.18,1.42,2.98,9.042,3.254,11.286,12.1,3.615,6.759
2019-05-08,12.238,5.11,1.5,2.94,8.979,3.299,11.195,12.15,3.627,6.759
2019-05-09,12.989,5.06,1.45,2.95,8.852,3.299,11.15,11.9,3.718,6.759
2019-05-10,13.161,5.09,1.44,2.97,8.81,3.299,11.354,12.0,3.764,6.796
2019-05-11,13.161,5.09,1.44,2.97,8.81,3.299,11.354,12.0,3.764,6.796
2019-05-12,13.161,5.09,1.44,2.97,8.81,3.299,11.354,12.0,3.764,6.796
2019-05-13,13.127,5.1,1.42,3.05,8.958,3.299,11.422,11.95,3.776,6.815
2019-05-14,12.989,5.09,1.42,3.12,8.979,3.254,11.354,11.9,3.764,6.852
2019-05-15,13.194,5.14,1.44,3.19,9.042,3.299,11.672,12.05,3.776,7.0
2019-05-16,13.092,5.3,1.43,3.15,8.979,3.299,11.581,12.0,3.753,7.0
2019-05-17,12.921,5.2,1.41,3.12,8.936,3.254,11.649,11.95,3.821,6.981
2019-05-18,12.921,5.2,1.41,3.12,8.936,3.254,11.649,11.95,3.821,6.981
2019-05-19,12.921,5.2,1.41,3.12,8.936,3.254,11.649,11.95,3.821,6.981
2019-05-20,12.921,5.16,1.42,3.19,8.915,3.254,11.83,11.95,3.81,6.963
2019-05-21,12.989,5.15,1.41,3.18,8.979,3.21,11.809,12.05,3.799,7.037
2019-05-22,12.989,5.16,1.4,3.16,9.084,3.21,11.809,12.05,3.821,7.074
2019-05-23,13.332,5.16,1.4,3.15,9.126,3.254,11.809,12.0,3.787,6.945
2019-05-24,13.161,5.16,1.39,3.13,9.0,3.165,11.581,11.8,3.742,6.907
2019-05-25,13.161,5.16,1.39,3.13,9.0,3.165,11.581,11.8,3.742,6.907
2019-05-26,13.161,5.16,1.39,3.13,9.0,3.165,11.581,11.8,3.742,6.907
2019-05-27,13.058,5.16,1.38,3.15,8.979,3.165,11.49,11.8,3.742,6.945
2019-05-28,12.955,5.16,1.39,3.28,9.0,3.165,11.422,11.8,3.708,6.852
2019-05-29,12.955,5.12,1.39,3.28,8.936,3.165,11.354,11.75,3.696,6.778
2019-05-30,12.955,5.1,1.39,3.28,8.915,3.21,11.378,11.8,3.696,6.815
2019-05-31,12.511,5.07,1.38,3.2,8.789,3.121,11.263,11.75,3.662,6.741
2019-06-01,12.511,5.07,1.38,3.2,8.789,3.121,11.263,11.75,3.662,6.741
2019-06-02,12.511,5.07,1.38,3.2,8.789,3.121,11.263,11.75,3.662,6.741
2019-06-03,12.101,5.02,1.38,3.1,8.578,3.121,11.218,11.6,3.547,6.667
2019-06-04,12.169,4.9,1.36,3.06,8.578,3.121,11.241,11.6,3.581,6.667
2019-06-05,12.306,4.94,1.37,3.14,8.536,3.121,11.263,11.65,3.593,6.611
2019-06-06,12.238,4.91,1.37,3.14,8.515,3.121,11.195,11.55,3.605,6.648
2019-06-07,12.477,4.98,1.37,3.14,8.662,3.165,11.354,11.75,3.638,6.648
2019-06-08,12.477,4.98,1.37,3.14,8.662,3.165,11.354,11.75,3.638,6.648
2019-06-09,12.477,4.98,1.37,3.14,8.662,3.165,11.354,11.75,3.638,6.648
2019-06-10,12.682,5.01,1.39,3.1,8.684,3.121,11.422,11.8,3.627,6.703
2019-06-11,12.716,4.99,1.43,3.1,8.726,3.121,11.422,11.7,3.651,6.722
2019-06-12,12.648,4.95,1.4,3.06,8.684,3.121,11.263,11.65,3.662,6.722
2019-06-13,12.58,4.97,1.4,3.03,8.684,3.121,11.241,11.6,3.685,6.741
2019-06-14,12.511,4.97,1.39,3.0,8.726,3.121,11.241,11.65,3.685,6.889
2019-06-15,12.511,4.97,1.39,3.0,8.726,3.121,11.241,11.65,3.685,6.889
2019-06-16,12.511,4.97,1.39,3.0,8.726,3.121,11.241,11.65,3.685,6.889
2019-06-17,12.238,5.0,1.4,3.05,8.726,3.121,11.15,11.45,3.59,6.889
2019-06-18,12.306,4.97,1.4,3.04,8.684,3.121,11.081,11.2,3.65,6.833
2019-06-19,12.442,5.15,1.41,3.05,8.705,3.121,11.241,11.3,3.638,6.87
2019-06-20,12.682,5.13,1.4,3.07,8.979,3.165,11.378,11.5,3.673,7.111
2019-06-21,13.058,5.09,1.4,3.06,8.979,3.121,11.378,11.45,3.685,7.148
2019-06-22,13.058,5.09,1.4,3.06,8.979,3.121,11.378,11.45,3.685,7.148
2019-06-23,13.058,5.09,1.4,3.06,8.979,3.121,11.378,11.45,3.685,7.148
2019-06-24,12.921,5.11,1.4,3.05,8.979,3.121,11.286,11.7,3.673,7.148
2019-06-25,12.887,5.29,1.4,3.08,8.894,3.121,11.263,11.65,3.662,7.185
2019-06-26,12.785,5.3,1.39,3.07,8.789,3.076,11.241,11.5,3.65,7.111
2019-06-27,12.785,5.24,1.39,3.04,8.684,3.032,11.15,11.3,3.626,6.981
2019-06-28,12.75,5.35,1.39,3.08,8.81,3.032,11.241,11.35,3.638,7.0
2019-06-29,12.75,5.35,1.39,3.08,8.81,3.032,11.241,11.35,3.638,7.0
2019-06-30,12.75,5.35,1.39,3.08,8.81,3.032,11.241,11.35,3.638,7.0
2019-07-01,12.819,5.32,1.39,3.1,8.915,3.032,11.333,11.55,3.65,7.185
2019-07-02,12.648,5.33,1.4,3.09,8.915,2.987,11.218,11.45,3.59,7.148
2019-07-03,12.477,5.42,1.39,3.06,8.852,2.987,11.263,11.35,3.566,7.111
2019-07-04,12.545,5.47,1.39,3.07,8.915,3.032,11.422,11.45,3.603,7.167
2019-07-05,12.511,5.43,1.38,3.12,8.979,3.032,11.49,11.4,3.614,7.185
2019-07-06,12.511,5.43,1.38,3.12,8.979,3.032,11.49,11.4,3.614,7.185
2019-07-07,12.511,5.43,1.38,3.12,8.979,3.032,11.49,11.4,3.614,7.185
2019-07-08,12.442,5.49,1.37,3.09,8.894,2.987,11.378,11.4,3.59,7.167
2019-07-09,12.648,5.61,1.39,3.09,8.936,2.987,11.354,11.35,3.579,7.148
2019-07-10,12.442,5.62,1.39,3.1,8.894,2.987,11.286,11.45,3.566,7.185
2019-07-11,12.648,5.7,1.4,3.11,9.021,3.032,11.378,11.5,3.579,7.278
2019-07-12,12.853,5.6,1.38,3.19,9.0,2.987,11.354,11.4,3.531,7.222
2019-07-13,12.853,5.6,1.38,3.19,9.0,2.987,11.354,11.4,3.531,7.222
2019-07-14,12.853,5.6,1.38,3.19,9.0,2.987,11.354,11.4,3.531,7.222
2019-07-15,12.785,5.4,1.39,3.14,9.042,2.987,11.333,11.35,3.531,7.259
2019-07-16,12.614,5.31,1.39,3.16,9.168,2.987,11.333,11.4,3.566,7.296
2019-07-17,13.058,5.35,1.39,3.17,9.316,3.032,11.693,11.55,3.626,7.185
2019-07-18,13.127,5.38,1.39,3.19,9.358,3.032,11.581,11.55,3.603,7.148
2019-07-19,13.092,5.28,1.41,3.17,9.358,3.076,11.603,11.7,3.614,7.185
2019-07-20,13.092,5.28,1.41,3.17,9.358,3.076,11.603,11.7,3.614,7.185
2019-07-21,13.092,5.28,1.41,3.17,9.358,3.076,11.603,11.7,3.614,7.185
2019-07-22,12.921,5.3,1.4,3.11,9.358,3.032,11.354,11.5,3.544,7.074
2019-07-23,12.955,5.26,1.39,3.06,9.569,3.032,11.378,11.5,3.544,7.074
2019-07-24,12.58,5.24,1.39,3.07,9.527,3.032,11.195,11.35,3.531,7.074
2019-07-25,12.545,5.21,1.39,3.08,9.442,3.076,11.036,11.2,3.519,6.963
2019-07-26,12.442,5.14,1.39,3.08,9.421,3.076,11.059,11.15,3.519,6.945
2019-07-27,12.442,5.14,1.39,3.08,9.421,3.076,11.059,11.15,3.519,6.945
2019-07-28,12.442,5.14,1.39,3.08,9.421,3.076,11.059,11.15,3.519,6.945
2019-07-29,12.34,5.08,1.39,3.05,9.463,3.032,10.923,10.95,3.508,6.945
2019-07-30,12.306,5.23,1.39,3.02,9.21,2.942,10.583,10.85,3.496,6.907
2019-07-31,11.861,5.08,1.39,3.05,9.358,2.942,10.516,10.7,3.496,6.87
2019-08-01,12.067,4.95,1.38,3.09,9.274,2.942,10.561,10.5,3.484,6.852
2019-08-02,12.033,4.82,1.37,3.09,9.253,2.942,10.448,10.6,3.496,7.055
2019-08-03,12.033,4.82,1.37,3.09,9.253,2.942,10.448,10.6,3.496,7.055
2019-08-04,12.033,4.82,1.37,3.09,9.253,2.942,10.448,10.6,3.496,7.055
2019-08-05,11.588,5.05,1.38,3.17,9.189,2.898,10.109,10.45,3.484,7.019
2019-08-06,10.973,5.02,1.37,3.39,9.0,2.853,9.812,10.45,3.472,6.963
2019-08-07,10.392,5.0,1.37,3.6,8.979,2.853,9.608,10.4,3.461,6.945
2019-08-08,10.323,5.01,1.37,3.48,9.105,2.853,9.608,10.45,3.449,6.926
2019-08-09,11.041,5.05,1.37,3.48,9.042,2.853,9.972,10.35,3.449,7.037
2019-08-10,11.041,5.05,1.37,3.48,9.042,2.853,9.972,10.35,3.449,7.037
2019-08-11,11.041,5.05,1.37,3.48,9.042,2.853,9.972,10.35,3.449,7.037
2019-08-12,10.973,5.05,1.37,3.53,9.232,2.853,10.04,10.35,3.449,7.037
2019-08-13,11.739,4.98,1.37,3.49,9.358,2.853,9.903,10.2,3.425,7.074
2019-08-14,12.0,5.0,1.36,3.35,9.4,2.853,9.882,10.15,3.425,7.129
2019-08-15,12.0,4.92,1.37,3.34,9.4,2.809,9.903,10.35,3.461,7.148
2019-08-16,12.261,4.9,1.36,3.4,9.442,2.809,10.085,10.3,3.472,7.203
2019-08-17,12.261,4.9,1.36,3.4,9.442,2.809,10.085,10.3,3.472,7.203
2019-08-18,12.261,4.9,1.36,3.4,9.442,2.809,10.085,10.3,3.472,7.203
2019-08-19,12.348,4.79,1.36,3.3,9.295,2.809,10.063,10.25,3.472,7.203
2019-08-20,12.348,4.88,1.36,3.34,9.337,2.764,10.017,10.3,3.461,7.222
2019-08-21,12.174,4.88,1.36,3.31,9.484,2.719,10.198,10.25,3.437,7.315
2019-08-22,11.869,4.88,1.35,3.28,9.506,2.719,10.154,10.3,3.449,7.333
2019-08-23,11.956,4.9,1.35,3.23,9.548,2.809,10.109,10.7,3.402,7.333
2019-08-24,11.956,4.9,1.35,3.23,9.548,2.809,10.109,10.7,3.402,7.333
2019-08-25,11.956,4.9,1.35,3.23,9.548,2.809,10.109,10.7,3.402,7.333
2019-08-26,12.434,4.81,1.36,3.25,9.822,2.809,9.79,10.55,3.377,7.445
2019-08-27,12.913,4.81,1.36,3.3,9.822,2.809,9.7,10.45,3.295,7.555
2019-08-28,13.13,4.8,1.35,3.27,9.843,2.809,9.677,10.35,3.319,7.519
2019-08-29,13.391,4.82,1.35,3.38,9.843,2.809,9.586,10.35,3.307,7.555
2019-08-30,13.478,4.86,1.36,3.35,9.737,2.809,9.745,10.4,3.307,7.519
2019-08-31,13.478,4.86,1.36,3.35,9.737,2.809,9.745,10.4,3.307,7.519
2019-09-01,13.478,4.86,1.36,3.35,9.737,2.809,9.745,10.4,3.307,7.519
2019-09-02,13.478,4.86,1.36,3.35,9.737,2.809,9.745,10.4,3.307,7.519
2019-09-03,13.043,4.81,1.35,3.31,9.611,2.764,9.722,10.2,3.283,7.519
2019-09-04,12.913,4.83,1.35,3.22,9.695,2.809,9.7,10.15,3.26,7.333
2019-09-05,12.782,4.81,1.35,3.25,9.527,2.764,9.655,10.15,3.248,7.5
2019-09-06,13.261,4.77,1.36,3.25,9.527,2.764,9.563,10.15,3.248,7.537
2019-09-07,13.261,4.77,1.36,3.25,9.527,2.764,9.563,10.15,3.248,7.537
2019-09-08,13.261,4.77,1.36,3.25,9.527,2.764,9.563,10.15,3.248,7.537
2019-09-09,13.174,4.79,1.35,3.2,9.527,2.764,9.473,10.1,3.26,7.463
2019-09-10,13.174,4.77,1.33,3.18,9.506,2.764,9.381,10.05,3.248,7.445
2019-09-11,13.434,4.76,1.3,3.18,9.548,2.764,9.405,10.05,3.307,7.445
2019-09-12,14.174,4.79,1.28,3.15,9.737,2.764,9.451,10.15,3.307,7.593
2019-09-13,14.391,4.7,1.27,3.21,9.822,2.809,9.677,10.35,3.319,7.667
2019-09-14,14.391,4.7,1.27,3.21,9.822,2.809,9.677,10.35,3.319,7.667
2019-09-15,14.391,4.7,1.27,3.21,9.822,2.809,9.677,10.35,3.319,7.667
2019-09-16,14.478,4.6,1.24,3.21,9.864,2.853,9.722,10.35,3.33,7.667
2019-09-17,14.956,4.49,1.24,3.2,9.822,2.809,9.812,10.2,3.283,7.629
2019-09-18,14.956,4.54,1.23,3.15,9.948,2.809,9.79,10.2,3.307,7.815
2019-09-19,15.13,4.52,1.23,3.09,10.016,2.942,9.859,10.55,3.307,7.945
2019-09-20,14.695,4.46,1.23,3.18,10.039,2.898,9.722,10.35,3.295,7.926
2019-09-21,14.695,4.46,1.23,3.18,10.039,2.898,9.722,10.35,3.295,7.926
2019-09-22,14.695,4.46,1.23,3.18,10.039,2.898,9.722,10.35,3.295,7.926
2019-09-23,14.608,4.47,1.22,3.14,10.039,2.942,9.677,10.55,3.295,7.926
2019-09-24,14.695,4.56,1.22,3.1,10.084,2.898,9.812,10.5,3.295,7.907
2019-09-25,14.608,4.5,1.22,3.09,10.084,2.898,9.812,10.6,3.295,7.926
2019-09-26,14.695,4.53,1.21,3.17,10.289,2.987,10.267,10.7,3.366,8.019
2019-09-27,14.913,4.5,1.21,3.29,10.335,2.942,10.516,10.65,3.437,8.203
2019-09-28,14.913,4.5,1.21,3.29,10.335,2.942,10.516,10.65,3.437,8.203
2019-09-29,14.913,4.5,1.21,3.29,10.335,2.942,10.516,10.65,3.437,8.203
2019-09-30,15.174,4.49,1.16,3.25,10.38,2.942,10.424,10.55,3.414,8.167
2019-10-01,15.174,4.55,1.14,3.2,10.494,2.942,10.494,10.5,3.342,8.278
2019-10-02,15.087,4.62,1.12,3.16,10.471,2.898,10.606,10.4,3.33,8.37
2019-10-03,14.608,4.64,1.07,3.19,10.448,2.942,10.606,10.5,3.33,8.37
2019-10-04,14.521,4.57,1.14,3.22,10.312,2.898,10.227,10.4,3.33,8.259
2019-10-05,14.521,4.57,1.14,3.22,10.312,2.898,10.227,10.4,3.33,8.259
2019-10-06,14.521,4.57,1.14,3.22,10.312,2.898,10.227,10.4,3.33,8.259
2019-10-07,14.087,4.5,1.16,3.2,10.198,2.898,9.991,10.5,3.307,8.055
2019-10-08,14.261,4.48,1.13,3.17,10.335,2.898,10.133,11.0,3.307,8.148
2019-10-09,14.347,4.48,1.1,3.15,10.426,2.898,10.086,10.9,3.295,8.185
2019-10-10,14.13,4.46,1.09,3.19,10.357,2.898,10.086,10.8,3.295,8.222
2019-10-11,14.043,4.46,1.08,3.19,10.357,2.942,10.086,11.0,3.283,8.185
2019-10-12,14.043,4.46,1.08,3.19,10.357,2.942,10.086,11.0,3.283,8.185
2019-10-13,14.043,4.46,1.08,3.19,10.357,2.942,10.086,11.0,3.283,8.185
2019-10-14,14.261,4.39,1.12,3.14,10.676,2.987,10.297,11.1,3.189,8.259
2019-10-15,14.391,4.3,1.14,3.11,10.63,2.987,10.227,11.05,3.26,8.352
2019-10-16,14.261,4.16,1.12,3.12,10.608,2.987,10.204,11.05,3.26,8.352
2019-10-17,14.174,4.29,1.11,3.16,10.562,2.987,10.11,10.9,3.236,8.333
2019-10-18,13.913,4.34,1.12,3.12,10.471,2.942,9.991,10.8,3.213,8.296
2019-10-19,13.913,4.34,1.12,3.12,10.471,2.942,9.991,10.8,3.213,8.296
2019-10-20,13.913,4.34,1.12,3.12,10.471,2.942,9.991,10.8,3.213,8.296
2019-10-21,13.608,4.28,1.13,3.14,10.312,2.898,9.848,10.95,3.248,8.148
2019-10-22,13.739,4.46,1.15,3.14,10.403,2.942,9.896,11.0,3.248,8.111
2019-10-23,13.739,4.37,1.16,3.13,10.426,2.898,9.848,11.0,3.248,8.203
2019-10-24,13.782,4.43,1.15,3.14,10.448,2.942,10.086,10.95,3.248,8.074
2019-10-25,13.739,4.36,1.14,3.16,10.562,2.898,10.086,10.9,3.189,8.148
2019-10-26,13.739,4.36,1.14,3.16,10.562,2.898,10.086,10.9,3.189,8.148
2019-10-27,13.739,4.36,1.14,3.16,10.562,2.898,10.086,10.9,3.189,8.148
2019-10-28,14.0,4.36,1.14,3.18,10.471,2.987,10.062,10.85,3.213,8.167
2019-10-29,14.043,4.3,1.13,3.23,10.403,2.942,10.014,10.65,3.213,8.111
2019-10-30,13.826,4.29,1.13,3.23,10.494,2.942,10.11,10.7,3.213,8.074
2019-10-31,13.434,4.22,1.13,3.17,10.471,2.942,10.11,10.8,3.213,7.963
2019-11-01,13.391,4.23,1.12,3.19,10.448,2.942,10.18,10.9,3.236,7.963
2019-11-02,13.391,4.23,1.12,3.19,10.448,2.942,10.18,10.9,3.236,7.963
2019-11-03,13.391,4.23,1.12,3.19,10.448,2.942,10.18,10.9,3.236,7.963
2019-11-04,13.869,4.29,1.1,3.13,10.608,2.987,10.297,10.9,3.248,8.148
2019-11-05,13.782,4.24,1.08,3.14,10.585,2.987,10.323,10.95,3.26,8.241
2019-11-06,14.087,4.15,1.07,3.2,10.722,2.987,10.274,11.0,3.26,8.203
2019-11-07,14.087,4.15,1.07,3.15,10.699,3.032,10.442,10.9,3.33,8.148
2019-11-08,14.087,4.18,1.06,3.16,10.653,3.032,10.442,10.85,3.355,8.203
2019-11-09,14.087,4.18,1.06,3.16,10.653,3.032,10.442,10.85,3.355,8.203
2019-11-10,14.087,4.18,1.06,3.16,10.653,3.032,10.442,10.85,3.355,8.203
2019-11-11,14.174,4.17,1.08,3.17,10.676,2.987,10.274,10.8,3.355,8.111
2019-11-12,14.0,4.14,1.07,3.13,10.608,2.987,10.251,10.75,3.342,8.019
2019-11-13,13.826,4.07,1.08,3.14,10.585,2.987,10.251,10.8,3.33,7.963
2019-11-14,13.608,4.08,1.07,3.14,10.448,2.942,10.157,10.7,3.33,7.778
2019-11-15,13.652,4.01,1.05,3.11,10.357,2.942,9.991,10.7,3.355,7.926
2019-11-16,13.652,4.01,1.05,3.11,10.357,2.942,9.991,10.7,3.355,7.926
2019-11-17,13.652,4.01,1.05,3.11,10.357,2.942,9.991,10.7,3.355,7.926
2019-11-18,13.478,3.98,1.06,3.13,10.289,2.898,9.943,10.6,3.307,7.852
2019-11-19,13.478,4.1,1.05,3.1,10.357,2.898,9.991,10.6,3.319,7.889
2019-11-20,13.652,4.05,1.05,3.1,10.289,2.942,9.896,10.4,3.307,7.741
2019-11-21,13.565,4.05,1.05,3.07,10.198,2.898,9.659,10.2,3.307,7.407
2019-11-22,12.956,4.0,1.03,3.06,10.175,2.853,9.517,10.25,3.307,7.481
2019-11-23,12.956,4.0,1.03,3.06,10.175,2.853,9.517,10.25,3.307,7.481
2019-11-24,12.956,4.0,1.03,3.06,10.175,2.853,9.517,10.25,3.307,7.481
2019-11-25,12.348,3.9,1.03,3.02,10.198,2.853,9.587,10.15,3.295,7.481
2019-11-26,12.304,3.91,1.03,3.05,10.312,2.853,9.47,10.15,3.307,7.574
2019-11-27,12.652,3.96,1.03,3.04,10.289,2.809,9.399,10.1,3.295,7.555
2019-11-28,12.174,3.94,1.02,3.04,10.061,2.764,9.399,10.1,3.283,7.426
2019-11-29,12.304,3.85,1.02,3.1,10.084,2.675,9.375,10.1,3.272,7.463
2019-11-30,12.304,3.85,1.02,3.1,10.084,2.675,9.375,10.1,3.272,7.463
2019-12-01,12.304,3.85,1.02,3.1,10.084,2.675,9.375,10.1,3.272,7.463
2019-12-02,12.174,3.63,1.0,2.99,9.743,2.63,9.233,10.0,3.272,7.222
2019-12-03,12.0,3.61,0.98,2.98,9.811,2.675,9.138,9.75,3.26,6.926
2019-12-04,12.174,3.63,1.0,2.95,10.107,2.719,9.375,10.1,3.272,7.315
2019-12-05,12.087,3.7,1.0,2.9,9.948,2.719,9.28,10.05,3.272,7.259
2019-12-06,12.087,3.72,1.0,2.92,9.948,2.719,9.233,10.0,3.272,7.259
2019-12-07,12.087,3.72,1.0,2.92,9.948,2.719,9.233,10.0,3.272,7.259
2019-12-08,12.087,3.72,1.0,2.92,9.948,2.719,9.233,10.0,3.272,7.259
2019-12-09,11.869,3.86,0.99,2.88,9.765,2.719,9.28,9.95,3.272,7.185
2019-12-10,11.869,3.9,0.99,2.79,9.606,2.675,9.091,10.05,3.283,7.055
2019-12-11,12.348,4.04,0.99,2.75,9.925,2.719,8.996,10.05,3.283,7.129
2019-12-12,12.695,3.97,0.99,2.7,9.925,2.675,9.186,10.1,3.414,7.278
2019-12-13,12.434,3.95,0.99,2.7,9.925,2.675,9.091,10.05,3.39,7.278
2019-12-14,12.434,3.95,0.99,2.7,9.925,2.675,9.091,10.05,3.39,7.278
2019-12-15,12.434,3.95,0.99,2.7,9.925,2.675,9.091,10.05,3.39,7.278
2019-12-16,12.478,3.96,1.05,2.75,9.743,2.853,9.021,10.05,3.39,7.259
2019-12-17,12.217,4.03,1.12,2.73,9.583,2.809,8.831,10.05,3.414,7.148
2019-12-18,12.174,4.04,1.17,2.7,9.561,2.764,8.713,9.94,3.425,7.129
2019-12-19,12.13,3.95,1.09,2.66,9.424,2.764,8.57,9.93,3.437,7.111
2019-12-20,11.956,3.96,1.16,2.71,9.561,2.764,8.665,10.0,3.425,7.259
2019-12-21,11.956,3.96,1.16,2.71,9.561,2.764,8.665,10.0,3.425,7.259
2019-12-22,11.956,3.96,1.16,2.71,9.561,2.764,8.665,10.0,3.425,7.259
2019-12-23,11.869,4.0,1.23,2.7,9.583,2.764,8.688,10.2,3.425,7.167
2019-12-24,12.174,4.01,1.28,2.72,9.447,2.764,8.688,10.1,3.402,7.148
2019-12-25,12.261,3.96,1.2,2.81,9.561,2.764,8.618,10.1,3.414,7.241
2019-12-26,12.608,4.08,1.2,2.81,9.492,2.719,8.642,10.1,3.402,7.296
2019-12-27,12.695,4.05,1.18,2.87,9.515,2.853,8.57,10.15,3.402,7.296
2019-12-28,12.695,4.05,1.18,2.87,9.515,2.853,8.57,10.15,3.402,7.296
2019-12-29,12.695,4.05,1.18,2.87,9.515,2.853,8.57,10.15,3.402,7.296
2019-12-30,12.739,4.02,1.11,2.75,9.538,2.853,8.593,10.1,3.39,7.333
2019-12-31,12.608,3.98,1.08,2.88,9.47,2.898,8.546,10.05,3.402,7.407
2020-01-01,12.608,3.98,1.08,2.88,9.47,2.898,8.546,10.05,3.402,7.407
2020-01-02,12.434,4.05,1.15,2.8,9.652,2.987,8.713,10.2,3.414,7.611
2020-01-03,12.087,4.15,1.12,2.8,9.674,2.898,8.642,10.2,3.402,7.555
2020-01-04,12.087,4.15,1.12,2.8,9.674,2.898,8.642,10.2,3.402,7.555
2020-01-05,12.087,4.15,1.12,2.8,9.674,2.898,8.642,10.2,3.402,7.555
2020-01-06,11.913,4.09,1.11,2.72,9.538,2.853,8.618,10.05,3.377,7.389
2020-01-07,12.087,4.11,1.11,2.73,9.561,2.853,8.642,10.15,3.377,7.537
2020-01-08,11.565,3.91,1.08,2.7,9.424,2.853,8.405,9.98,3.33,7.445
2020-01-09,11.782,4.1,1.1,2.7,9.583,2.898,8.499,10.15,3.366,7.685
2020-01-10,11.652,4.08,1.07,2.66,9.743,3.165,8.665,10.5,3.377,7.796
2020-01-11,11.652,4.08,1.07,2.66,9.743,3.165,8.665,10.5,3.377,7.796
2020-01-12,11.652,4.08,1.07,2.66,9.743,3.165,8.665,10.5,3.377,7.796
2020-01-13,11.782,4.0,1.04,2.64,9.697,3.21,8.665,10.4,3.377,7.629
2020-01-14,11.608,3.94,1.03,2.68,9.788,3.21,8.713,10.3,3.366,7.833
2020-01-15,11.652,3.9,1.04,2.65,9.765,3.299,8.713,10.25,3.355,8.019
2020-01-16,11.565,3.84,1.03,2.65,10.016,3.344,9.044,10.4,3.402,8.093
2020-01-17,11.304,3.88,1.03,2.63,10.016,3.254,9.115,10.6,3.414,8.111
2020-01-18,11.304,3.88,1.03,2.63,10.016,3.254,9.115,10.6,3.414,8.111
2020-01-19,11.304,3.88,1.03,2.63,10.016,3.254,9.115,10.6,3.414,8.111
2020-01-20,11.217,3.86,1.04,2.6,10.016,3.21,9.115,10.7,3.414,8.333
2020-01-21,11.174,3.92,1.07,2.64,10.266,3.299,9.115,10.9,3.425,8.722
2020-01-22,11.348,3.98,1.08,2.64,10.198,3.433,9.138,10.9,3.566,8.741
2020-01-23,11.348,3.98,1.08,2.64,10.198,3.433,9.138,10.9,3.566,8.741
